0, 2002-12-08, 00:02:42, 0, 46
1, 1991-08-23, 20:38:58, 1, 726
2, 2012-02-11, 18:46:37, 2, 15
3, 1994-01-14, 14:09:13, 3, 273
4, 1991-05-17, 02:01:22, 4, 17
5, 1998-02-19, 07:24:08, 5, 812
6, 2004-10-18, 11:28:19, 6, 499
7, 2021-04-27, 23:56:14, 7, 827
8, 2018-01-21, 16:41:52, 8, 916
9, 1998-02-15, 04:51:34, 9, 590
10, 2017-09-03, 08:10:46, 10, 164
11, 1994-12-22, 05:47:38, 11, 242
12, 2006-11-14, 02:05:04, 12, 760
13, 1996-07-25, 19:13:53, 13, 587
14, 1997-10-24, 20:06:43, 14, 956
15, 2010-08-31, 18:54:41, 15, 666
16, 1995-01-11, 14:52:27, 16, 123
17, 1993-06-14, 23:14:59, 17, 5
18, 2000-05-17, 17:39:29, 18, 977
19, 2001-03-31, 15:48:09, 19, 101
20, 2012-07-17, 22:47:51, 20, 387
21, 2017-01-23, 16:14:43, 21, 293
22, 2018-07-10, 05:29:51, 22, 491
23, 1995-03-13, 14:45:25, 23, 755
24, 2010-03-10, 21:47:19, 24, 368
25, 2000-01-16, 08:51:27, 25, 246
26, 2006-11-15, 06:48:16, 26, 748
27, 1991-01-07, 21:14:45, 27, 130
28, 2019-08-09, 08:09:31, 28, 139
29, 1994-02-03, 05:35:05, 29, 386
30, 2009-03-07, 22:55:05, 30, 227
31, 1997-03-04, 05:46:56, 31, 397
32, 2009-09-19, 02:08:34, 32, 36
33, 2013-08-05, 11:00:38, 33, 524
34, 2017-12-21, 23:17:13, 34, 956
35, 1990-03-24, 19:15:09, 35, 604
36, 2018-09-26, 12:03:34, 36, 870
37, 2008-09-10, 10:32:03, 37, 238
38, 2018-10-04, 23:34:14, 38, 565
39, 2013-04-11, 23:58:50, 39, 141
40, 2011-09-03, 08:14:47, 40, 418
41, 1993-11-23, 09:49:51, 41, 436
42, 2008-09-23, 05:45:42, 42, 758
43, 1995-02-19, 01:24:39, 43, 497
44, 2021-05-08, 12:30:10, 44, 521
45, 2017-02-02, 00:46:17, 45, 882
46, 2009-07-23, 02:37:48, 46, 784
47, 2018-07-07, 09:23:58, 47, 529
48, 2019-07-15, 02:11:09, 48, 551
49, 2019-09-19, 23:53:36, 49, 101
50, 2007-09-09, 22:36:21, 50, 325
51, 2018-03-13, 18:39:11, 51, 9
52, 1990-10-16, 08:03:53, 52, 263
53, 2003-04-17, 08:18:40, 53, 541
54, 1998-08-17, 15:33:11, 54, 383
55, 2010-10-12, 01:32:07, 55, 788
56, 2005-11-28, 04:05:24, 56, 167
57, 2014-06-15, 07:14:39, 57, 438
58, 2004-11-05, 11:50:10, 58, 811
59, 2010-01-02, 23:20:29, 59, 492
60, 1999-04-06, 10:03:55, 60, 398
61, 2016-04-17, 12:57:59, 61, 310
62, 2018-08-13, 03:21:18, 62, 859
63, 2005-10-21, 01:36:36, 63, 314
64, 2005-05-30, 15:49:37, 64, 29
65, 1994-05-22, 08:14:51, 65, 988
66, 2019-10-03, 23:38:27, 66, 26
67, 2005-03-17, 10:58:08, 67, 991
68, 2001-08-21, 12:25:52, 68, 829
69, 2021-09-06, 01:07:36, 69, 379
70, 2006-03-26, 01:17:56, 70, 988
71, 2015-10-11, 20:28:56, 71, 350
72, 1991-12-29, 00:19:16, 72, 287
73, 2007-08-14, 23:49:27, 73, 526
74, 2006-11-02, 17:17:18, 74, 444
75, 2021-01-04, 16:00:38, 75, 248
76, 2008-05-25, 17:44:59, 76, 575
77, 2003-08-10, 21:55:17, 77, 14
78, 2006-11-04, 05:38:01, 78, 858
79, 1991-03-28, 18:02:58, 79, 39
80, 2014-06-10, 13:24:12, 80, 71
81, 1992-09-05, 00:33:47, 81, 346
82, 2003-05-11, 15:43:47, 82, 644
83, 2002-01-02, 07:21:28, 83, 715
84, 1996-09-23, 19:38:29, 84, 134
85, 2017-02-21, 16:53:52, 85, 984
86, 2016-11-10, 09:31:12, 86, 478
87, 2007-02-11, 13:11:56, 87, 486
88, 2012-11-20, 01:41:58, 88, 978
89, 1996-05-22, 16:52:16, 89, 893
90, 2021-10-05, 04:56:29, 90, 473
91, 2007-12-29, 07:03:37, 91, 552
92, 2015-01-17, 14:37:49, 92, 615
93, 2008-11-26, 20:57:21, 93, 580
94, 2007-07-14, 04:48:41, 94, 13
95, 2001-07-01, 20:49:26, 95, 829
96, 2016-05-06, 09:30:58, 96, 534
97, 2000-01-15, 06:22:11, 97, 539
98, 2019-03-08, 22:37:44, 98, 587
99, 2013-01-11, 02:15:32, 99, 553
100, 2011-08-17, 23:08:01, 93, 0
101, 1998-04-10, 03:03:57, 5, 1
102, 1994-10-10, 23:25:52, 89, 2
103, 2005-12-09, 19:04:55, 49, 3
104, 2006-10-02, 23:40:34, 0, 4
105, 1992-02-13, 06:21:27, 61, 5
106, 1995-11-05, 14:21:35, 59, 6
107, 1994-05-09, 10:09:01, 61, 7
108, 2021-11-05, 12:21:22, 65, 8
109, 2010-05-05, 13:31:34, 45, 9
110, 2001-08-15, 03:16:30, 38, 10
111, 2008-12-04, 10:57:28, 18, 11
112, 1995-01-30, 08:38:07, 35, 12
113, 2010-02-25, 12:45:45, 93, 13
114, 2014-01-09, 16:45:37, 83, 14
115, 1991-11-13, 18:53:03, 22, 15
116, 1996-02-29, 22:09:19, 74, 16
117, 2021-05-27, 08:48:49, 46, 17
118, 2012-03-20, 12:52:29, 30, 18
119, 2011-04-30, 21:10:17, 25, 19
120, 2016-05-21, 04:27:59, 92, 20
121, 2009-01-11, 02:07:50, 0, 21
122, 2011-02-24, 18:31:55, 81, 22
123, 2008-12-25, 09:15:16, 26, 23
124, 2003-11-26, 14:08:05, 78, 24
125, 1997-12-30, 17:43:47, 19, 25
126, 1991-10-08, 12:14:07, 28, 26
127, 1997-04-03, 00:25:53, 85, 27
128, 2004-06-08, 01:36:43, 46, 28
129, 2017-10-31, 10:32:06, 85, 29
130, 1998-06-02, 11:39:43, 31, 30
131, 1999-07-09, 10:06:07, 53, 31
132, 2018-11-17, 13:00:33, 10, 32
133, 2015-07-09, 21:40:30, 32, 33
134, 1991-02-09, 08:52:09, 89, 34
135, 2015-09-30, 02:36:44, 37, 35
136, 2010-11-16, 16:31:35, 29, 36
137, 2006-06-18, 01:56:14, 43, 37
138, 1999-07-19, 00:47:24, 86, 38
139, 1993-02-07, 12:02:23, 81, 39
140, 2015-06-22, 20:11:03, 14, 40
141, 2021-04-22, 11:48:44, 51, 41
142, 2012-09-14, 20:50:26, 6, 42
143, 2001-06-13, 01:10:07, 94, 43
144, 2011-09-01, 04:14:50, 51, 44
145, 2013-04-30, 22:41:53, 26, 45
146, 1994-11-21, 07:42:38, 28, 46
147, 2001-08-03, 11:57:45, 72, 47
148, 2002-08-27, 21:38:03, 84, 48
149, 1992-06-08, 22:14:11, 74, 49
150, 1995-10-31, 07:10:52, 8, 50
151, 2017-04-26, 04:16:06, 54, 51
152, 2000-04-21, 01:28:17, 41, 52
153, 1997-05-06, 15:47:38, 70, 53
154, 2015-06-27, 13:08:23, 16, 54
155, 2004-11-08, 19:03:13, 87, 55
156, 2016-07-11, 11:12:32, 56, 56
157, 1998-08-12, 09:13:27, 45, 57
158, 2010-04-20, 04:55:55, 4, 58
159, 1993-12-26, 23:22:53, 47, 59
160, 2008-11-14, 03:55:31, 88, 60
161, 2013-08-05, 12:33:46, 83, 61
162, 1995-03-01, 14:39:35, 22, 62
163, 2010-10-01, 23:44:49, 9, 63
164, 2007-08-21, 11:00:44, 4, 64
165, 2000-07-03, 18:25:00, 54, 65
166, 1993-05-21, 08:42:55, 4, 66
167, 2019-05-24, 14:50:04, 22, 67
168, 2002-11-21, 02:25:50, 60, 68
169, 2005-02-03, 19:55:54, 25, 69
170, 1994-09-30, 21:43:30, 0, 70
171, 2018-07-20, 18:38:40, 57, 71
172, 1998-03-14, 18:42:51, 23, 72
173, 2011-06-07, 23:08:11, 4, 73
174, 2011-11-11, 12:08:00, 64, 74
175, 1995-04-30, 03:36:23, 78, 75
176, 2013-04-26, 20:57:38, 71, 76
177, 2018-11-27, 10:06:56, 42, 77
178, 1992-07-21, 20:13:53, 93, 78
179, 1994-06-12, 12:27:41, 48, 79
180, 1992-06-07, 13:22:45, 24, 80
181, 2011-02-20, 12:02:04, 76, 81
182, 2001-04-19, 19:52:11, 68, 82
183, 2010-12-03, 09:22:34, 4, 83
184, 2016-09-11, 21:21:49, 4, 84
185, 1997-07-04, 23:43:01, 56, 85
186, 2015-07-16, 10:52:04, 51, 86
187, 2014-05-08, 22:34:16, 99, 87
188, 2017-10-20, 03:14:45, 32, 88
189, 2007-02-11, 03:42:44, 79, 89
190, 2009-08-20, 07:51:58, 84, 90
191, 1998-03-03, 18:23:30, 84, 91
192, 2018-08-22, 08:51:02, 54, 92
193, 2018-06-19, 15:51:49, 6, 93
194, 2019-03-16, 03:44:33, 19, 94
195, 2018-12-21, 06:29:59, 67, 95
196, 2011-12-20, 02:20:16, 33, 96
197, 2012-03-21, 01:18:04, 68, 97
198, 2021-05-03, 08:24:37, 42, 98
199, 2018-01-30, 03:33:26, 0, 99
200, 2009-08-19, 22:09:50, 70, 100
201, 2011-12-25, 11:08:19, 84, 101
202, 2003-01-03, 20:21:12, 96, 102
203, 2012-07-22, 09:38:21, 90, 103
204, 2013-04-26, 05:28:06, 96, 104
205, 2015-12-11, 12:35:16, 28, 105
206, 2005-03-26, 16:22:18, 66, 106
207, 2020-11-10, 04:18:40, 70, 107
208, 2006-04-12, 05:15:53, 64, 108
209, 2002-06-14, 11:46:11, 33, 109
210, 2011-08-22, 23:32:00, 89, 110
211, 2007-09-26, 15:28:56, 37, 111
212, 1995-04-27, 03:45:33, 77, 112
213, 1999-02-28, 16:11:41, 19, 113
214, 1993-06-28, 23:18:39, 83, 114
215, 2021-05-08, 16:01:01, 54, 115
216, 1997-03-16, 06:35:31, 75, 116
217, 2004-10-29, 11:49:57, 1, 117
218, 2022-01-08, 17:10:53, 66, 118
219, 2004-06-27, 18:57:03, 82, 119
220, 2014-09-17, 23:18:06, 30, 120
221, 1990-08-08, 08:30:53, 46, 121
222, 2001-10-30, 20:58:13, 76, 122
223, 2016-06-11, 10:14:47, 76, 123
224, 2006-12-23, 00:38:50, 10, 124
225, 2014-10-10, 10:21:14, 76, 125
226, 2008-10-02, 20:06:34, 75, 126
227, 1991-10-20, 15:38:42, 7, 127
228, 2009-08-13, 20:46:19, 66, 128
229, 1995-08-05, 13:29:59, 72, 129
230, 1996-11-14, 16:28:52, 27, 130
231, 2014-09-07, 00:37:29, 68, 131
232, 2013-03-09, 14:32:34, 69, 132
233, 2008-10-06, 02:55:36, 77, 133
234, 2018-08-05, 05:40:29, 27, 134
235, 2003-01-21, 02:09:00, 35, 135
236, 1999-09-06, 01:03:35, 25, 136
237, 2020-01-25, 07:16:02, 71, 137
238, 2010-10-18, 16:34:51, 32, 138
239, 2011-01-29, 08:23:23, 86, 139
240, 2016-11-25, 17:56:58, 70, 140
241, 2019-03-28, 06:23:14, 54, 141
242, 1996-03-15, 04:35:56, 55, 142
243, 1994-10-11, 19:47:32, 96, 143
244, 1997-07-25, 20:14:36, 29, 144
245, 2012-03-26, 19:21:56, 97, 145
246, 2007-12-13, 12:33:09, 94, 146
247, 2017-08-24, 12:49:16, 44, 147
248, 1992-04-11, 04:53:01, 68, 148
249, 2007-05-10, 15:20:39, 45, 149
250, 2006-03-30, 11:14:36, 98, 150
251, 2008-06-11, 16:31:35, 99, 151
252, 2002-12-04, 02:53:02, 48, 152
253, 2018-10-24, 03:17:28, 48, 153
254, 2020-04-26, 07:16:30, 91, 154
255, 2003-01-24, 21:20:08, 42, 155
256, 1991-08-05, 14:28:16, 3, 156
257, 1995-01-23, 09:32:03, 97, 157
258, 2016-06-11, 00:59:16, 26, 158
259, 2018-09-02, 01:40:58, 59, 159
260, 2016-08-26, 11:07:06, 63, 160
261, 1994-10-11, 02:29:15, 69, 161
262, 2019-06-23, 02:51:56, 10, 162
263, 1997-02-22, 18:18:07, 78, 163
264, 2016-03-30, 19:09:10, 46, 164
265, 2018-03-12, 20:09:59, 17, 165
266, 2002-01-02, 17:44:11, 8, 166
267, 2001-09-21, 14:31:38, 43, 167
268, 1996-11-07, 05:12:11, 68, 168
269, 2009-10-05, 13:35:19, 14, 169
270, 2012-12-10, 13:29:56, 93, 170
271, 2009-08-17, 09:19:33, 44, 171
272, 1994-05-21, 22:26:15, 89, 172
273, 2018-03-15, 19:03:34, 88, 173
274, 2014-12-14, 01:55:46, 44, 174
275, 1996-12-25, 23:35:27, 69, 175
276, 1996-02-19, 21:37:01, 34, 176
277, 2006-12-01, 02:51:37, 41, 177
278, 1991-07-10, 09:51:44, 86, 178
279, 2006-12-23, 07:43:05, 46, 179
280, 2018-11-15, 20:49:09, 57, 180
281, 2019-10-02, 20:41:12, 91, 181
282, 2001-04-11, 11:59:11, 83, 182
283, 2008-02-13, 12:41:06, 21, 183
284, 1995-11-10, 21:49:58, 28, 184
285, 1991-08-06, 06:04:39, 0, 185
286, 2007-09-08, 10:04:37, 6, 186
287, 2020-01-10, 19:26:51, 67, 187
288, 1995-01-28, 02:18:04, 64, 188
289, 1996-04-10, 09:08:00, 42, 189
290, 1997-07-30, 16:54:03, 68, 190
291, 1998-10-14, 16:37:37, 46, 191
292, 2006-02-14, 19:37:46, 56, 192
293, 2015-12-26, 22:43:03, 33, 193
294, 1999-12-15, 23:06:57, 22, 194
295, 1998-12-18, 22:46:08, 58, 195
296, 1994-05-18, 23:47:23, 35, 196
297, 1995-12-28, 05:21:59, 88, 197
298, 2019-11-16, 12:33:22, 78, 198
299, 1998-01-20, 07:58:13, 32, 199
300, 1994-09-22, 03:01:27, 80, 200
301, 1998-04-05, 23:53:32, 81, 201
302, 2009-05-22, 22:55:03, 17, 202
303, 1991-08-14, 20:29:54, 70, 203
304, 2010-05-03, 01:03:26, 13, 204
305, 1998-10-17, 10:34:12, 17, 205
306, 2017-09-03, 21:46:18, 78, 206
307, 1993-02-04, 23:40:56, 43, 207
308, 1998-05-22, 05:45:56, 41, 208
309, 1995-07-02, 20:35:20, 40, 209
310, 1996-05-16, 14:18:09, 60, 210
311, 2009-05-05, 17:37:02, 76, 211
312, 2019-08-13, 04:51:44, 42, 212
313, 2005-02-11, 08:28:47, 14, 213
314, 2006-09-23, 09:27:00, 58, 214
315, 2018-08-08, 10:08:55, 34, 215
316, 2017-01-03, 02:44:20, 23, 216
317, 1997-06-26, 08:23:43, 24, 217
318, 1997-02-15, 16:43:56, 64, 218
319, 2011-11-21, 22:40:35, 98, 219
320, 2013-12-21, 19:41:23, 18, 220
321, 2017-12-24, 00:22:44, 29, 221
322, 2014-10-24, 23:15:58, 57, 222
323, 1991-12-30, 17:03:28, 28, 223
324, 2009-04-18, 08:27:13, 24, 224
325, 2009-03-28, 13:20:33, 28, 225
326, 2012-11-14, 00:47:14, 43, 226
327, 2012-11-08, 20:05:35, 99, 227
328, 2015-05-19, 16:37:57, 5, 228
329, 2011-06-30, 22:07:22, 34, 229
330, 2012-11-01, 16:39:06, 51, 230
331, 1992-02-03, 03:34:35, 29, 231
332, 2000-08-29, 02:40:26, 28, 232
333, 2011-09-24, 17:25:24, 94, 233
334, 1999-06-27, 05:59:55, 9, 234
335, 1999-03-30, 19:12:38, 85, 235
336, 2000-03-04, 03:53:08, 1, 236
337, 1990-03-29, 00:38:15, 58, 237
338, 1990-01-08, 09:06:37, 75, 238
339, 2013-04-10, 12:14:36, 83, 239
340, 1994-10-16, 06:42:42, 12, 240
341, 1995-10-21, 09:06:15, 73, 241
342, 2017-06-19, 05:10:43, 58, 242
343, 1993-05-15, 21:07:45, 30, 243
344, 2021-11-22, 11:17:20, 9, 244
345, 2008-03-12, 16:31:46, 19, 245
346, 2009-05-28, 18:31:39, 73, 246
347, 2010-07-29, 04:16:00, 80, 247
348, 2012-10-22, 17:03:23, 93, 248
349, 2017-02-22, 13:22:13, 12, 249
350, 2013-08-09, 17:28:37, 45, 250
351, 2011-03-27, 22:27:59, 41, 251
352, 1995-08-08, 17:43:49, 23, 252
353, 1993-11-22, 20:16:51, 66, 253
354, 2014-02-25, 05:11:26, 76, 254
355, 2010-01-14, 22:01:51, 11, 255
356, 2018-12-09, 01:35:06, 88, 256
357, 2012-07-07, 17:33:25, 66, 257
358, 2012-11-20, 19:47:29, 16, 258
359, 2002-12-01, 15:09:17, 2, 259
360, 2004-03-25, 21:15:37, 4, 260
361, 2018-03-15, 09:04:12, 48, 261
362, 1995-03-12, 20:38:57, 58, 262
363, 2008-12-18, 15:43:39, 26, 263
364, 2010-03-13, 02:41:03, 46, 264
365, 2016-12-10, 15:39:17, 80, 265
366, 2009-03-03, 19:40:35, 62, 266
367, 2007-10-06, 04:34:51, 22, 267
368, 2021-08-27, 15:24:00, 50, 268
369, 2007-12-15, 12:02:54, 11, 269
370, 1998-03-06, 07:28:52, 25, 270
371, 2019-02-23, 08:36:56, 21, 271
372, 2007-08-27, 11:31:25, 19, 272
373, 2011-08-13, 03:43:23, 69, 273
374, 1995-04-24, 08:42:41, 58, 274
375, 2005-04-06, 07:43:30, 11, 275
376, 2018-01-23, 17:29:50, 71, 276
377, 2021-10-19, 03:40:01, 62, 277
378, 1996-01-10, 20:41:17, 63, 278
379, 1993-07-26, 01:08:29, 81, 279
380, 2013-08-24, 23:26:06, 94, 280
381, 2012-12-14, 14:56:06, 15, 281
382, 1995-08-23, 10:14:52, 13, 282
383, 1999-10-25, 13:03:41, 63, 283
384, 1990-10-24, 18:32:16, 49, 284
385, 1990-07-26, 06:18:33, 44, 285
386, 2008-04-23, 10:18:17, 20, 286
387, 2021-05-03, 20:50:43, 53, 287
388, 1991-01-24, 03:08:13, 79, 288
389, 1995-01-15, 22:43:34, 87, 289
390, 1991-02-04, 15:05:08, 50, 290
391, 2012-12-18, 00:13:07, 60, 291
392, 1991-10-01, 19:15:43, 41, 292
393, 2005-10-09, 15:43:07, 26, 293
394, 2000-09-29, 19:01:10, 53, 294
395, 1999-02-28, 06:05:52, 19, 295
396, 2010-06-17, 11:04:50, 31, 296
397, 2021-05-13, 15:19:19, 63, 297
398, 2018-04-15, 08:09:32, 94, 298
399, 1997-01-26, 16:31:04, 62, 299
400, 2013-10-13, 00:16:00, 11, 300
401, 2008-01-13, 23:26:51, 49, 301
402, 2010-03-21, 06:27:53, 2, 302
403, 1998-01-16, 17:28:14, 19, 303
404, 2015-10-04, 02:50:37, 48, 304
405, 2010-10-02, 00:31:01, 41, 305
406, 1993-04-17, 11:29:23, 48, 306
407, 1994-05-13, 04:44:54, 58, 307
408, 2008-09-14, 10:08:46, 18, 308
409, 2017-02-19, 03:15:13, 99, 309
410, 2013-12-07, 05:32:40, 20, 310
411, 2014-05-12, 01:29:29, 19, 311
412, 1996-04-02, 13:34:55, 5, 312
413, 2005-01-03, 09:36:08, 42, 313
414, 2013-05-03, 14:06:25, 63, 314
415, 2018-10-30, 02:29:25, 78, 315
416, 1996-12-05, 03:08:58, 44, 316
417, 1999-05-18, 22:48:49, 50, 317
418, 2006-05-27, 11:50:45, 40, 318
419, 2009-07-03, 03:03:07, 89, 319
420, 1991-10-16, 12:53:58, 61, 320
421, 2020-01-25, 22:09:19, 78, 321
422, 2011-05-11, 23:52:35, 86, 322
423, 2007-07-01, 08:04:23, 28, 323
424, 1991-02-19, 13:21:06, 66, 324
425, 2008-05-11, 23:04:56, 73, 325
426, 2008-09-10, 11:02:06, 31, 326
427, 1990-11-17, 22:02:35, 56, 327
428, 1995-08-17, 17:11:15, 88, 328
429, 1990-09-22, 13:02:04, 11, 329
430, 2002-11-17, 03:10:27, 38, 330
431, 2012-04-22, 06:16:27, 31, 331
432, 2011-12-31, 03:43:19, 62, 332
433, 2007-08-20, 18:06:41, 50, 333
434, 2021-05-30, 06:07:08, 99, 334
435, 2012-07-26, 05:24:48, 98, 335
436, 2017-12-03, 06:00:34, 49, 336
437, 1990-07-15, 19:20:04, 89, 337
438, 2014-07-23, 02:22:47, 40, 338
439, 2012-11-17, 08:46:23, 4, 339
440, 2005-04-29, 10:02:27, 13, 340
441, 2018-02-14, 17:29:46, 14, 341
442, 2007-09-10, 04:21:33, 77, 342
443, 2013-11-26, 21:28:16, 19, 343
444, 2010-08-03, 01:03:50, 88, 344
445, 2002-12-12, 15:04:45, 15, 345
446, 1999-02-26, 08:05:57, 50, 346
447, 2009-05-28, 00:24:20, 85, 347
448, 1995-02-22, 12:09:35, 12, 348
449, 2006-08-10, 19:40:37, 62, 349
450, 1996-01-04, 15:43:53, 9, 350
451, 2005-06-09, 08:19:01, 22, 351
452, 1994-01-24, 19:42:10, 10, 352
453, 2005-02-02, 08:27:18, 50, 353
454, 1991-06-02, 22:37:50, 99, 354
455, 2005-05-28, 22:39:23, 70, 355
456, 2021-01-12, 14:10:37, 81, 356
457, 2016-11-10, 02:14:19, 60, 357
458, 1993-01-16, 08:23:33, 39, 358
459, 2021-09-08, 06:38:46, 20, 359
460, 2020-02-22, 22:54:27, 30, 360
461, 2010-08-28, 20:59:23, 1, 361
462, 2009-11-05, 22:31:00, 38, 362
463, 1993-06-22, 11:04:48, 13, 363
464, 1999-07-18, 23:14:08, 65, 364
465, 1994-01-19, 05:19:21, 55, 365
466, 2012-01-21, 21:52:48, 16, 366
467, 1992-04-27, 17:37:54, 16, 367
468, 1994-02-03, 14:56:38, 8, 368
469, 2010-07-09, 14:29:51, 21, 369
470, 2005-10-21, 07:54:32, 74, 370
471, 2014-11-26, 14:52:10, 64, 371
472, 2012-11-17, 13:34:44, 91, 372
473, 2018-01-15, 00:16:56, 96, 373
474, 1995-03-03, 03:47:06, 33, 374
475, 2018-07-21, 16:44:01, 31, 375
476, 2018-08-16, 18:37:30, 94, 376
477, 1996-07-08, 15:12:10, 59, 377
478, 1999-01-24, 13:45:47, 1, 378
479, 2019-01-28, 18:14:36, 58, 379
480, 1998-12-22, 21:03:56, 45, 380
481, 1997-02-26, 21:35:53, 53, 381
482, 1992-10-03, 08:28:37, 27, 382
483, 1995-10-09, 21:48:42, 56, 383
484, 1995-04-05, 08:53:55, 6, 384
485, 2021-09-01, 13:05:37, 39, 385
486, 2021-07-21, 19:14:58, 85, 386
487, 2007-03-18, 09:36:33, 67, 387
488, 2013-05-11, 19:30:37, 17, 388
489, 2011-08-14, 10:41:06, 63, 389
490, 1997-04-12, 19:35:25, 3, 390
491, 2020-04-11, 21:21:01, 1, 391
492, 2005-04-29, 05:24:20, 68, 392
493, 2016-01-16, 08:41:18, 39, 393
494, 1993-09-12, 02:07:36, 80, 394
495, 2021-10-04, 19:00:23, 69, 395
496, 1999-08-21, 12:45:14, 75, 396
497, 2012-04-14, 21:40:25, 48, 397
498, 2016-07-23, 03:05:51, 80, 398
499, 1990-11-08, 07:51:42, 65, 399
500, 2013-06-24, 21:59:53, 38, 400
501, 1991-07-14, 21:58:10, 98, 401
502, 2005-05-27, 11:52:02, 36, 402
503, 1993-04-14, 07:45:02, 44, 403
504, 2016-07-26, 17:54:58, 34, 404
505, 2007-12-23, 22:40:02, 17, 405
506, 1999-01-01, 14:17:13, 54, 406
507, 2004-03-29, 15:35:05, 23, 407
508, 2003-02-06, 16:26:17, 42, 408
509, 2007-08-11, 12:18:45, 76, 409
510, 1994-05-07, 07:58:00, 36, 410
511, 2006-10-29, 15:33:29, 51, 411
512, 2002-01-27, 18:03:20, 81, 412
513, 2002-06-14, 00:49:38, 79, 413
514, 2005-03-24, 13:32:07, 60, 414
515, 2007-09-30, 17:04:46, 90, 415
516, 1996-07-31, 22:36:33, 36, 416
517, 2010-03-30, 03:47:48, 26, 417
518, 2003-09-28, 07:03:02, 53, 418
519, 2003-01-07, 19:21:05, 72, 419
520, 2010-05-22, 22:16:35, 82, 420
521, 2009-09-01, 08:26:34, 28, 421
522, 2000-02-26, 05:41:51, 96, 422
523, 2005-08-28, 12:19:43, 53, 423
524, 2007-05-23, 12:13:11, 38, 424
525, 1994-12-15, 17:41:34, 75, 425
526, 2014-04-04, 17:15:18, 80, 426
527, 2011-01-19, 11:12:39, 17, 427
528, 1991-11-10, 16:45:00, 54, 428
529, 2006-01-23, 04:52:38, 52, 429
530, 2003-09-03, 16:31:47, 75, 430
531, 2017-11-14, 19:19:37, 10, 431
532, 2015-03-19, 14:15:33, 2, 432
533, 2006-06-19, 14:10:45, 35, 433
534, 1993-05-12, 02:21:49, 25, 434
535, 2002-06-16, 12:28:09, 63, 435
536, 1998-10-27, 00:58:51, 44, 436
537, 1995-08-07, 03:39:34, 31, 437
538, 1999-12-31, 10:05:08, 18, 438
539, 2002-10-29, 13:17:03, 54, 439
540, 2002-12-03, 18:17:47, 3, 440
541, 1991-03-07, 18:57:46, 7, 441
542, 2009-01-02, 12:48:04, 91, 442
543, 2000-04-21, 01:00:39, 93, 443
544, 2020-12-19, 15:04:37, 22, 444
545, 2018-09-09, 11:26:50, 11, 445
546, 1998-10-08, 21:43:52, 93, 446
547, 2018-11-02, 16:44:05, 46, 447
548, 2020-11-20, 06:25:08, 98, 448
549, 2000-02-16, 10:26:27, 96, 449
550, 1994-11-29, 13:42:21, 87, 450
551, 1997-10-31, 21:19:00, 80, 451
552, 2019-04-19, 18:23:47, 68, 452
553, 1998-03-21, 11:54:28, 16, 453
554, 2015-04-04, 00:25:03, 44, 454
555, 1992-03-21, 10:47:56, 12, 455
556, 2017-11-01, 14:30:01, 38, 456
557, 2019-11-22, 00:09:56, 43, 457
558, 1999-06-10, 15:07:29, 98, 458
559, 2009-05-14, 07:28:57, 29, 459
560, 1999-09-06, 11:33:26, 35, 460
561, 2012-07-29, 07:32:31, 15, 461
562, 2015-01-27, 10:50:52, 22, 462
563, 2016-03-06, 10:16:46, 1, 463
564, 2018-07-25, 07:01:42, 2, 464
565, 2012-10-30, 01:55:59, 86, 465
566, 2004-10-15, 08:08:39, 64, 466
567, 2007-03-17, 20:16:13, 73, 467
568, 1996-06-09, 11:33:18, 18, 468
569, 2007-05-04, 05:25:07, 91, 469
570, 2015-09-19, 20:36:03, 19, 470
571, 1994-03-02, 13:48:51, 57, 471
572, 2000-06-06, 16:46:52, 92, 472
573, 2001-03-26, 21:28:05, 89, 473
574, 2012-02-10, 08:06:46, 81, 474
575, 2009-12-20, 17:52:10, 71, 475
576, 2005-03-21, 10:14:04, 90, 476
577, 2001-10-31, 02:36:14, 37, 477
578, 2012-09-03, 12:35:41, 35, 478
579, 2002-08-08, 02:50:22, 28, 479
580, 2009-12-05, 00:16:02, 53, 480
581, 1999-12-26, 19:00:09, 79, 481
582, 2013-08-23, 11:13:29, 4, 482
583, 2019-03-31, 19:18:01, 30, 483
584, 2015-07-22, 00:09:30, 20, 484
585, 1995-01-25, 10:44:24, 83, 485
586, 2003-10-01, 03:51:36, 96, 486
587, 1996-04-23, 03:39:42, 50, 487
588, 1993-10-17, 04:50:39, 66, 488
589, 2004-04-13, 12:13:08, 71, 489
590, 1990-01-11, 03:12:52, 49, 490
591, 2020-12-11, 20:44:03, 0, 491
592, 2002-02-13, 00:14:33, 61, 492
593, 1994-02-01, 22:56:02, 97, 493
594, 1993-10-06, 12:47:09, 8, 494
595, 2020-06-04, 04:19:54, 47, 495
596, 2006-03-23, 05:22:38, 86, 496
597, 2007-12-05, 20:19:47, 94, 497
598, 2000-01-18, 07:57:40, 78, 498
599, 2010-06-26, 11:27:19, 16, 499
600, 2008-03-15, 09:12:08, 39, 500
601, 2002-07-07, 13:35:43, 34, 501
602, 1999-08-16, 20:07:07, 73, 502
603, 2011-10-30, 23:17:41, 39, 503
604, 1991-11-12, 20:07:36, 32, 504
605, 1993-05-30, 14:11:21, 5, 505
606, 1995-02-23, 14:15:50, 37, 506
607, 2003-08-29, 17:38:18, 99, 507
608, 1992-06-06, 07:21:03, 49, 508
609, 2008-05-28, 02:14:09, 24, 509
610, 2001-01-04, 23:01:37, 69, 510
611, 2003-03-10, 06:10:08, 58, 511
612, 2008-12-20, 19:59:23, 13, 512
613, 2001-07-31, 16:34:26, 51, 513
614, 1998-04-28, 10:27:04, 18, 514
615, 2001-07-09, 03:38:44, 50, 515
616, 1992-06-06, 07:10:28, 15, 516
617, 2012-12-16, 01:16:28, 1, 517
618, 2019-08-21, 12:48:44, 41, 518
619, 1999-04-23, 07:09:09, 44, 519
620, 2011-07-24, 19:02:05, 43, 520
621, 1991-01-07, 22:40:35, 27, 521
622, 2019-02-18, 18:10:09, 63, 522
623, 2010-12-19, 05:03:15, 99, 523
624, 2006-05-12, 03:36:47, 97, 524
625, 2009-01-25, 19:33:12, 81, 525
626, 2001-01-03, 23:59:04, 72, 526
627, 2019-02-01, 04:10:42, 42, 527
628, 2007-11-22, 13:38:06, 75, 528
629, 2013-05-20, 10:09:40, 71, 529
630, 1999-12-14, 17:43:58, 65, 530
631, 2013-08-10, 16:25:37, 55, 531
632, 1994-11-17, 21:23:55, 19, 532
633, 2017-03-01, 12:12:12, 57, 533
634, 2018-06-08, 19:15:36, 87, 534
635, 1996-04-06, 07:26:20, 53, 535
636, 2005-03-15, 23:56:08, 37, 536
637, 2002-04-28, 00:01:59, 86, 537
638, 1992-06-08, 18:37:39, 66, 538
639, 2021-10-01, 17:43:41, 76, 539
640, 2004-05-12, 21:25:46, 38, 540
641, 2001-05-08, 19:49:59, 59, 541
642, 2016-06-17, 15:25:55, 52, 542
643, 2007-07-30, 00:10:26, 53, 543
644, 1999-10-05, 08:03:01, 49, 544
645, 2002-10-18, 10:57:24, 56, 545
646, 2009-05-23, 21:45:21, 70, 546
647, 1990-12-18, 05:20:25, 20, 547
648, 2012-02-17, 12:50:42, 97, 548
649, 2019-01-09, 04:15:33, 28, 549
650, 2003-06-21, 23:39:11, 19, 550
651, 2020-06-03, 20:02:15, 15, 551
652, 2017-08-26, 07:45:26, 70, 552
653, 2002-03-11, 11:39:49, 60, 553
654, 1998-10-16, 15:02:49, 63, 554
655, 1996-06-17, 03:13:22, 33, 555
656, 1991-03-08, 10:50:14, 80, 556
657, 2017-12-06, 01:49:45, 47, 557
658, 2013-10-13, 06:24:27, 9, 558
659, 2014-06-13, 23:34:41, 26, 559
660, 2016-07-14, 03:11:29, 30, 560
661, 2011-05-02, 08:53:36, 69, 561
662, 2001-05-07, 00:24:01, 42, 562
663, 2003-12-06, 12:30:19, 87, 563
664, 2001-12-16, 04:58:03, 63, 564
665, 2011-05-06, 21:21:54, 1, 565
666, 2020-07-29, 02:24:57, 18, 566
667, 2016-02-22, 09:40:42, 93, 567
668, 2017-01-19, 18:01:43, 15, 568
669, 2017-03-30, 17:49:32, 9, 569
670, 2002-07-24, 16:29:10, 45, 570
671, 2012-05-07, 17:55:28, 18, 571
672, 2019-06-28, 16:32:37, 82, 572
673, 2008-11-07, 11:23:09, 62, 573
674, 2018-05-06, 14:55:21, 65, 574
675, 2021-08-08, 16:20:17, 48, 575
676, 2012-04-28, 11:35:39, 64, 576
677, 2001-01-10, 17:30:26, 60, 577
678, 2012-08-27, 20:16:17, 10, 578
679, 1996-01-14, 11:40:01, 68, 579
680, 2003-06-05, 12:45:49, 17, 580
681, 2013-01-28, 15:06:56, 93, 581
682, 2001-06-09, 01:09:21, 91, 582
683, 2016-02-12, 16:08:01, 61, 583
684, 2015-09-17, 12:40:12, 71, 584
685, 1995-03-30, 19:18:29, 1, 585
686, 2004-01-10, 05:14:48, 92, 586
687, 2015-08-22, 19:07:19, 3, 587
688, 2009-07-01, 00:24:38, 8, 588
689, 2000-06-21, 11:16:27, 32, 589
690, 2004-02-01, 15:30:06, 34, 590
691, 2006-03-30, 07:10:59, 53, 591
692, 2004-01-11, 17:12:23, 50, 592
693, 2005-02-04, 23:52:30, 59, 593
694, 2014-03-07, 15:24:54, 15, 594
695, 2005-01-04, 13:53:18, 93, 595
696, 2009-10-02, 16:45:14, 19, 596
697, 2020-12-23, 15:58:55, 77, 597
698, 2010-09-21, 20:50:13, 37, 598
699, 2018-05-05, 13:47:06, 40, 599
700, 2013-07-31, 12:58:06, 8, 600
701, 2008-07-11, 10:28:26, 36, 601
702, 2016-03-01, 19:56:27, 13, 602
703, 1993-08-13, 20:14:23, 63, 603
704, 1997-05-29, 07:11:53, 60, 604
705, 2017-03-25, 16:16:46, 76, 605
706, 2009-07-21, 23:33:27, 61, 606
707, 2001-08-15, 11:45:10, 72, 607
708, 2020-06-12, 02:44:31, 74, 608
709, 2005-07-30, 00:09:00, 42, 609
710, 2012-03-25, 10:33:45, 33, 610
711, 1991-11-29, 16:14:23, 74, 611
712, 1995-04-07, 09:13:44, 27, 612
713, 2008-11-10, 01:28:31, 33, 613
714, 2002-08-22, 01:12:09, 42, 614
715, 2018-11-20, 15:20:25, 87, 615
716, 1995-08-10, 08:51:12, 19, 616
717, 2018-01-06, 05:44:43, 90, 617
718, 2011-04-19, 15:05:31, 59, 618
719, 2002-02-08, 08:38:38, 83, 619
720, 1998-10-26, 12:54:57, 46, 620
721, 2017-06-10, 00:37:18, 86, 621
722, 2017-03-10, 01:15:39, 23, 622
723, 1998-06-16, 13:48:19, 0, 623
724, 2012-05-18, 10:52:06, 91, 624
725, 2001-01-15, 11:44:37, 56, 625
726, 1998-11-19, 20:58:51, 59, 626
727, 2011-01-24, 02:23:56, 63, 627
728, 2021-04-23, 18:49:43, 64, 628
729, 2019-11-26, 19:44:23, 75, 629
730, 1999-09-06, 00:15:02, 3, 630
731, 2003-04-30, 23:58:10, 9, 631
732, 2004-08-17, 00:00:43, 73, 632
733, 2013-09-25, 03:10:25, 92, 633
734, 2014-08-22, 17:35:54, 74, 634
735, 2014-12-22, 13:01:52, 44, 635
736, 2021-01-06, 05:06:36, 7, 636
737, 2013-04-12, 18:42:47, 20, 637
738, 2000-05-08, 23:44:55, 86, 638
739, 2001-06-21, 19:45:38, 17, 639
740, 1999-07-06, 17:23:02, 66, 640
741, 2005-01-30, 22:07:32, 32, 641
742, 1997-04-13, 04:40:58, 83, 642
743, 2003-05-07, 19:32:53, 73, 643
744, 2006-04-13, 06:35:54, 99, 644
745, 1999-12-02, 11:22:44, 17, 645
746, 1997-11-22, 00:41:00, 12, 646
747, 2003-02-06, 01:02:31, 48, 647
748, 2012-01-23, 07:25:05, 85, 648
749, 2003-05-17, 12:50:22, 37, 649
750, 1991-09-24, 12:39:04, 92, 650
751, 2005-10-22, 07:40:08, 12, 651
752, 2011-09-09, 21:51:57, 72, 652
753, 1993-11-26, 13:10:25, 93, 653
754, 1993-06-06, 02:29:41, 33, 654
755, 2019-07-18, 11:17:29, 51, 655
756, 2005-12-12, 22:23:10, 66, 656
757, 2004-06-11, 14:12:20, 59, 657
758, 2000-06-26, 19:43:47, 83, 658
759, 2002-05-09, 06:09:20, 6, 659
760, 2015-06-26, 22:11:12, 50, 660
761, 2016-06-23, 08:28:01, 8, 661
762, 2011-09-18, 16:35:29, 2, 662
763, 2008-02-02, 11:43:40, 83, 663
764, 2014-12-12, 16:53:19, 26, 664
765, 2019-03-04, 08:02:57, 99, 665
766, 2018-06-14, 06:42:52, 55, 666
767, 2001-02-11, 19:10:50, 11, 667
768, 2012-09-19, 20:13:27, 37, 668
769, 2017-09-23, 15:42:21, 59, 669
770, 2007-08-06, 15:16:53, 10, 670
771, 2014-08-06, 19:33:53, 87, 671
772, 1991-03-31, 18:56:18, 68, 672
773, 2004-11-04, 06:26:38, 40, 673
774, 2010-07-27, 19:35:50, 16, 674
775, 1995-10-04, 06:23:56, 1, 675
776, 1993-11-02, 05:41:24, 99, 676
777, 2000-04-23, 17:35:32, 14, 677
778, 2017-07-01, 01:12:28, 82, 678
779, 2012-08-07, 08:24:30, 17, 679
780, 1993-02-16, 12:53:23, 16, 680
781, 2002-01-09, 15:56:18, 23, 681
782, 2015-09-30, 05:18:04, 94, 682
783, 1996-03-29, 07:01:33, 28, 683
784, 2008-08-30, 00:09:06, 85, 684
785, 2004-06-15, 01:58:05, 81, 685
786, 2017-07-18, 18:08:42, 64, 686
787, 1995-04-25, 21:58:33, 51, 687
788, 1999-03-24, 03:51:32, 27, 688
789, 2001-03-10, 01:09:37, 16, 689
790, 1995-08-31, 13:46:14, 95, 690
791, 2012-06-10, 12:34:44, 7, 691
792, 2021-04-26, 18:12:38, 88, 692
793, 2014-06-26, 09:12:15, 90, 693
794, 2016-08-01, 01:19:54, 94, 694
795, 2009-02-23, 17:10:28, 59, 695
796, 1993-01-09, 17:39:10, 28, 696
797, 1995-02-05, 12:13:59, 17, 697
798, 1994-10-28, 11:53:27, 90, 698
799, 2005-02-12, 14:26:02, 5, 699
800, 2004-11-27, 01:23:17, 30, 700
801, 1997-07-20, 23:54:03, 14, 701
802, 2006-03-13, 05:38:25, 71, 702
803, 2008-01-06, 09:07:46, 98, 703
804, 2020-12-15, 18:14:22, 48, 704
805, 1996-11-30, 01:44:11, 72, 705
806, 2009-02-26, 03:46:24, 43, 706
807, 1994-10-11, 07:06:10, 87, 707
808, 2019-09-20, 05:35:51, 39, 708
809, 1993-06-12, 07:34:45, 9, 709
810, 2008-03-07, 12:49:27, 43, 710
811, 1991-02-03, 09:58:50, 42, 711
812, 2012-12-24, 09:04:49, 26, 712
813, 2001-12-12, 03:51:54, 73, 713
814, 2004-11-10, 23:32:57, 37, 714
815, 2000-04-23, 04:22:44, 98, 715
816, 2021-10-02, 13:19:34, 94, 716
817, 1991-05-13, 00:59:00, 73, 717
818, 2021-10-03, 05:20:09, 40, 718
819, 2016-01-28, 11:46:55, 2, 719
820, 1997-04-07, 10:47:40, 83, 720
821, 2020-02-07, 09:50:01, 88, 721
822, 1999-09-05, 03:43:42, 86, 722
823, 2000-07-09, 09:24:57, 66, 723
824, 1990-01-10, 00:23:39, 50, 724
825, 2005-02-04, 00:14:45, 8, 725
826, 2016-05-23, 15:39:22, 95, 726
827, 2006-07-16, 22:57:34, 88, 727
828, 1995-01-03, 19:19:55, 57, 728
829, 2008-06-13, 23:01:36, 62, 729
830, 2020-07-13, 16:02:36, 50, 730
831, 2013-06-07, 20:44:57, 52, 731
832, 1998-12-17, 17:28:12, 32, 732
833, 1993-01-06, 13:30:17, 83, 733
834, 2018-02-18, 04:08:05, 75, 734
835, 2013-06-21, 01:04:50, 90, 735
836, 2001-01-18, 23:39:04, 47, 736
837, 1999-03-14, 03:30:30, 67, 737
838, 2004-03-31, 05:00:39, 57, 738
839, 2009-10-13, 17:55:09, 74, 739
840, 1998-07-28, 17:59:23, 53, 740
841, 2020-09-19, 08:16:25, 96, 741
842, 2013-03-06, 17:52:38, 69, 742
843, 2009-02-03, 18:18:54, 46, 743
844, 2014-12-07, 20:27:08, 38, 744
845, 2019-05-12, 00:17:28, 26, 745
846, 2014-09-21, 01:26:21, 83, 746
847, 1991-02-12, 23:23:46, 56, 747
848, 2019-11-07, 05:39:20, 29, 748
849, 2020-07-07, 14:26:07, 55, 749
850, 2000-09-21, 09:19:30, 93, 750
851, 2010-06-09, 18:35:09, 35, 751
852, 2005-12-31, 02:40:36, 20, 752
853, 2003-05-29, 05:07:08, 83, 753
854, 1995-03-06, 09:02:34, 92, 754
855, 1996-05-22, 07:20:01, 72, 755
856, 1991-01-31, 18:00:42, 30, 756
857, 1997-02-04, 05:38:16, 37, 757
858, 2019-02-01, 17:38:29, 38, 758
859, 2015-03-18, 07:08:51, 45, 759
860, 2007-12-23, 07:49:41, 22, 760
861, 2013-03-19, 16:36:09, 76, 761
862, 2012-06-18, 01:16:27, 39, 762
863, 2016-02-16, 12:55:45, 63, 763
864, 2014-02-17, 01:22:18, 6, 764
865, 1996-05-24, 00:13:17, 83, 765
866, 2007-11-30, 14:22:36, 98, 766
867, 2000-02-16, 04:25:49, 18, 767
868, 2012-03-21, 22:28:57, 21, 768
869, 1995-07-27, 04:45:06, 36, 769
870, 2001-08-07, 23:50:45, 30, 770
871, 2015-08-31, 16:50:41, 88, 771
872, 2007-10-16, 06:14:34, 29, 772
873, 1998-07-14, 05:18:41, 21, 773
874, 2012-08-29, 16:42:04, 20, 774
875, 2018-06-28, 05:26:08, 62, 775
876, 2006-10-08, 23:02:59, 3, 776
877, 2010-08-02, 02:18:56, 55, 777
878, 2007-06-10, 02:59:01, 20, 778
879, 2003-07-23, 04:52:27, 7, 779
880, 2007-11-07, 17:17:34, 49, 780
881, 2011-03-17, 09:29:16, 45, 781
882, 2014-11-05, 04:28:09, 22, 782
883, 2018-11-25, 11:19:27, 52, 783
884, 1992-07-20, 17:36:29, 95, 784
885, 1990-09-22, 10:41:04, 1, 785
886, 2018-10-08, 23:21:35, 15, 786
887, 2003-11-26, 13:01:04, 17, 787
888, 2007-03-24, 07:52:00, 38, 788
889, 2014-08-05, 09:19:48, 64, 789
890, 2015-06-03, 17:45:00, 97, 790
891, 2009-09-24, 20:37:22, 92, 791
892, 1997-10-25, 09:57:38, 25, 792
893, 2007-09-07, 20:47:48, 88, 793
894, 2003-09-24, 04:34:43, 9, 794
895, 2016-03-02, 20:54:14, 45, 795
896, 2005-04-14, 18:48:42, 57, 796
897, 2007-11-21, 07:05:15, 33, 797
898, 2002-07-27, 00:34:39, 18, 798
899, 2002-09-08, 00:23:52, 17, 799
900, 1996-12-04, 12:54:34, 44, 800
901, 1998-08-31, 13:47:18, 81, 801
902, 2003-07-13, 05:46:10, 78, 802
903, 2019-01-04, 13:10:35, 90, 803
904, 2014-03-19, 22:58:04, 25, 804
905, 2017-05-22, 14:04:00, 33, 805
906, 2019-11-23, 19:54:44, 53, 806
907, 2014-02-15, 02:29:01, 73, 807
908, 2013-04-14, 00:48:59, 57, 808
909, 2019-09-14, 03:29:41, 81, 809
910, 2000-07-02, 14:41:33, 11, 810
911, 1995-06-21, 13:28:51, 24, 811
912, 1991-01-18, 16:34:56, 32, 812
913, 2007-03-11, 00:45:12, 99, 813
914, 1996-04-13, 19:54:52, 45, 814
915, 2019-09-23, 12:30:02, 58, 815
916, 2017-04-06, 02:36:00, 31, 816
917, 2005-04-05, 18:21:23, 27, 817
918, 2006-04-26, 12:46:53, 82, 818
919, 2001-06-22, 07:32:50, 54, 819
920, 2000-05-22, 13:18:04, 7, 820
921, 2006-02-16, 18:49:59, 91, 821
922, 2008-04-01, 01:50:43, 37, 822
923, 1990-08-28, 03:32:38, 3, 823
924, 2001-05-06, 23:12:51, 40, 824
925, 2005-08-10, 15:09:14, 5, 825
926, 2007-01-20, 18:00:34, 55, 826
927, 1999-06-29, 15:45:30, 38, 827
928, 2016-11-02, 11:39:00, 44, 828
929, 2000-12-30, 11:46:15, 78, 829
930, 2013-03-25, 21:32:24, 59, 830
931, 2020-02-24, 23:02:07, 43, 831
932, 2018-07-18, 00:55:07, 30, 832
933, 2021-03-16, 23:14:06, 1, 833
934, 2018-02-15, 16:47:10, 29, 834
935, 2004-09-05, 12:22:35, 24, 835
936, 2013-11-13, 09:06:26, 22, 836
937, 2021-11-14, 04:04:15, 97, 837
938, 2005-04-26, 10:04:51, 22, 838
939, 1998-02-28, 22:17:53, 8, 839
940, 2000-11-19, 16:03:46, 28, 840
941, 1997-03-22, 15:57:35, 16, 841
942, 2013-07-09, 00:09:19, 37, 842
943, 1996-04-21, 00:55:40, 53, 843
944, 2017-05-22, 02:25:27, 91, 844
945, 1991-06-26, 12:01:29, 41, 845
946, 2010-03-20, 10:07:34, 95, 846
947, 2008-09-14, 19:56:11, 2, 847
948, 2019-08-05, 05:57:16, 40, 848
949, 2002-02-03, 13:44:34, 46, 849
950, 1990-01-20, 18:52:16, 72, 850
951, 2002-06-10, 23:42:32, 10, 851
952, 1993-10-11, 17:40:59, 77, 852
953, 1999-05-07, 04:38:03, 63, 853
954, 2017-06-01, 04:30:43, 21, 854
955, 2020-01-02, 06:40:38, 4, 855
956, 2016-06-19, 05:18:32, 42, 856
957, 2014-07-07, 22:11:25, 2, 857
958, 1992-02-05, 08:07:44, 64, 858
959, 1990-09-16, 21:31:09, 29, 859
960, 2009-05-26, 04:37:31, 55, 860
961, 2016-06-23, 08:22:02, 47, 861
962, 2008-04-25, 21:15:40, 85, 862
963, 2003-08-11, 23:34:50, 58, 863
964, 1998-06-08, 04:07:56, 20, 864
965, 2006-01-13, 08:42:31, 63, 865
966, 1998-07-19, 05:31:57, 88, 866
967, 1996-08-08, 05:51:47, 36, 867
968, 2010-04-24, 07:54:15, 15, 868
969, 1992-04-20, 03:23:08, 47, 869
970, 1991-04-29, 04:42:31, 48, 870
971, 1991-04-03, 07:57:09, 91, 871
972, 1992-09-12, 00:18:07, 16, 872
973, 2019-03-24, 21:21:17, 74, 873
974, 2019-03-15, 01:17:27, 67, 874
975, 1994-01-14, 13:47:00, 76, 875
976, 2013-06-12, 15:50:11, 81, 876
977, 1998-03-07, 11:48:15, 24, 877
978, 1995-09-13, 23:35:11, 92, 878
979, 2020-06-21, 05:10:12, 93, 879
980, 2001-11-14, 03:37:00, 30, 880
981, 1990-09-22, 02:28:55, 60, 881
982, 2005-06-24, 15:49:20, 8, 882
983, 1995-03-17, 12:48:25, 83, 883
984, 1997-05-04, 22:48:12, 6, 884
985, 1997-12-15, 08:33:59, 81, 885
986, 2014-12-29, 11:02:26, 1, 886
987, 2012-05-19, 20:22:35, 92, 887
988, 2003-03-02, 01:04:17, 93, 888
989, 2017-09-25, 12:58:23, 9, 889
990, 1997-05-22, 07:07:02, 76, 890
991, 1993-06-29, 17:48:40, 46, 891
992, 2015-06-10, 08:50:30, 5, 892
993, 1999-01-05, 04:28:31, 52, 893
994, 1997-06-24, 03:08:26, 75, 894
995, 2008-10-17, 15:28:54, 80, 895
996, 2000-09-20, 04:23:27, 41, 896
997, 2014-06-05, 15:00:38, 80, 897
998, 1999-12-29, 08:49:32, 81, 898
999, 2015-04-16, 00:59:34, 33, 899
1000, 2012-06-16, 15:51:45, 43, 900
1001, 2009-12-03, 15:58:59, 20, 901
1002, 2010-06-21, 09:15:56, 38, 902
1003, 1996-04-03, 03:42:38, 49, 903
1004, 2019-05-02, 00:52:45, 59, 904
1005, 1993-08-06, 04:00:54, 73, 905
1006, 2010-01-28, 12:55:26, 8, 906
1007, 2008-01-29, 18:09:23, 32, 907
1008, 1994-07-30, 04:23:01, 73, 908
1009, 2014-03-05, 20:10:52, 64, 909
1010, 1993-05-01, 20:19:52, 43, 910
1011, 1994-05-28, 00:14:45, 75, 911
1012, 2000-01-02, 13:14:34, 69, 912
1013, 2019-03-29, 00:59:53, 55, 913
1014, 2013-01-27, 06:21:59, 72, 914
1015, 2008-10-15, 21:28:05, 21, 915
1016, 2019-06-29, 04:43:07, 24, 916
1017, 2018-04-17, 14:48:17, 25, 917
1018, 2015-09-10, 02:52:21, 28, 918
1019, 2018-09-08, 06:25:46, 73, 919
1020, 2019-07-02, 19:30:47, 10, 920
1021, 2006-05-12, 18:39:43, 91, 921
1022, 2018-03-09, 18:47:04, 60, 922
1023, 2001-03-19, 13:18:31, 20, 923
1024, 2012-05-01, 15:57:32, 50, 924
1025, 1997-05-18, 18:12:17, 65, 925
1026, 2020-11-18, 23:20:45, 72, 926
1027, 2007-03-23, 13:53:54, 64, 927
1028, 2006-04-30, 16:49:21, 95, 928
1029, 1999-03-23, 01:44:50, 60, 929
1030, 2004-09-17, 18:51:39, 44, 930
1031, 2005-10-07, 05:32:36, 7, 931
1032, 2003-12-14, 18:02:10, 47, 932
1033, 1992-09-22, 22:30:08, 86, 933
1034, 2011-07-27, 17:17:34, 26, 934
1035, 2011-05-29, 12:49:35, 66, 935
1036, 2013-04-05, 15:03:45, 49, 936
1037, 2006-05-29, 18:02:56, 38, 937
1038, 1994-04-17, 12:35:55, 56, 938
1039, 2008-02-12, 23:47:11, 28, 939
1040, 2018-11-30, 07:49:17, 3, 940
1041, 1996-07-15, 21:10:34, 52, 941
1042, 2000-03-06, 15:09:33, 3, 942
1043, 2021-05-05, 04:12:07, 11, 943
1044, 2001-05-11, 07:47:36, 98, 944
1045, 1990-03-12, 05:17:02, 80, 945
1046, 1995-06-15, 09:57:37, 98, 946
1047, 2017-05-05, 21:46:46, 1, 947
1048, 2006-10-19, 10:51:32, 36, 948
1049, 1991-08-11, 12:54:16, 15, 949
1050, 2016-12-21, 01:51:47, 4, 950
1051, 1994-10-03, 14:20:07, 22, 951
1052, 1997-10-12, 11:25:26, 17, 952
1053, 2013-10-17, 03:59:09, 25, 953
1054, 2014-06-23, 00:43:04, 63, 954
1055, 2021-10-21, 11:24:39, 79, 955
1056, 1992-04-30, 13:39:56, 33, 956
1057, 1999-02-08, 05:52:22, 37, 957
1058, 2010-03-09, 15:59:20, 88, 958
1059, 1995-09-10, 23:19:16, 11, 959
1060, 2019-12-29, 23:39:08, 65, 960
1061, 2013-08-09, 13:11:57, 71, 961
1062, 2011-01-22, 21:02:15, 7, 962
1063, 1999-07-28, 01:32:51, 57, 963
1064, 2000-02-28, 23:53:29, 64, 964
1065, 2015-12-20, 03:10:33, 51, 965
1066, 1991-02-21, 02:06:51, 7, 966
1067, 2013-11-01, 11:18:15, 36, 967
1068, 2010-07-07, 19:49:21, 67, 968
1069, 2003-10-16, 13:13:30, 84, 969
1070, 2005-08-15, 03:52:28, 75, 970
1071, 2007-02-24, 05:42:14, 62, 971
1072, 1994-07-29, 02:48:51, 56, 972
1073, 2003-06-05, 03:27:34, 54, 973
1074, 1994-02-09, 01:08:14, 79, 974
1075, 2015-03-24, 11:44:37, 93, 975
1076, 1990-06-04, 08:27:25, 71, 976
1077, 2019-06-05, 17:18:55, 78, 977
1078, 1997-01-18, 02:14:31, 32, 978
1079, 2016-08-30, 06:53:25, 37, 979
1080, 2017-12-10, 00:52:26, 18, 980
1081, 2006-05-09, 15:07:32, 7, 981
1082, 1998-06-25, 19:43:50, 10, 982
1083, 2017-06-11, 11:55:16, 48, 983
1084, 2016-11-13, 18:19:31, 1, 984
1085, 2006-08-17, 22:35:43, 40, 985
1086, 2010-08-18, 14:56:24, 61, 986
1087, 1991-12-10, 23:12:36, 28, 987
1088, 2014-10-01, 09:47:37, 83, 988
1089, 2017-12-16, 11:52:08, 35, 989
1090, 2005-04-08, 16:00:03, 21, 990
1091, 1994-06-29, 07:48:27, 92, 991
1092, 2004-12-02, 10:16:14, 29, 992
1093, 1993-11-12, 14:20:38, 67, 993
1094, 2005-12-13, 06:13:03, 43, 994
1095, 2017-09-28, 19:37:02, 51, 995
1096, 2013-02-08, 00:22:52, 86, 996
1097, 1993-11-19, 07:00:42, 5, 997
1098, 2005-01-27, 08:27:21, 2, 998
1099, 1990-03-27, 23:46:34, 86, 999
1100, 2014-05-18, 17:45:09, 2, 684
1101, 2016-12-16, 15:45:16, 13, 89
1102, 2003-12-17, 23:57:28, 77, 252
1103, 2001-10-15, 04:45:50, 78, 677
1104, 2012-03-27, 18:24:07, 73, 315
1105, 1999-10-19, 05:19:34, 6, 480
1106, 1995-03-16, 07:18:17, 48, 223
1107, 1996-07-21, 05:45:47, 96, 784
1108, 1999-12-04, 07:39:37, 33, 600
1109, 2014-10-22, 10:29:24, 70, 34
1110, 1996-05-10, 23:43:37, 16, 636
1111, 2010-03-27, 20:24:32, 7, 647
1112, 2006-03-20, 06:28:37, 52, 387
1113, 2001-01-02, 08:52:35, 5, 905
1114, 2018-09-15, 18:10:20, 61, 815
1115, 1992-07-19, 10:06:54, 95, 0
1116, 2001-08-12, 06:14:43, 42, 914
1117, 1996-08-16, 00:59:58, 72, 522
1118, 1994-09-03, 08:46:36, 74, 369
1119, 2003-11-02, 21:48:53, 2, 731
1120, 2001-10-23, 23:41:25, 79, 110
1121, 1992-11-21, 03:00:24, 44, 705
1122, 2015-03-18, 08:28:20, 43, 763
1123, 1992-07-13, 22:14:37, 54, 75
1124, 2003-11-17, 05:30:59, 63, 681
1125, 2017-07-27, 05:31:03, 5, 465
1126, 2019-01-08, 22:16:47, 95, 484
1127, 2009-09-09, 15:11:01, 80, 408
1128, 2019-11-05, 22:29:56, 34, 885
1129, 2008-11-13, 19:44:42, 95, 908
1130, 1991-11-28, 05:36:19, 71, 923
1131, 2002-09-04, 19:17:11, 48, 594
1132, 2000-02-25, 11:21:23, 94, 263
1133, 2005-12-29, 02:48:07, 93, 554
1134, 2019-09-14, 10:28:37, 38, 766
1135, 1997-01-07, 01:01:03, 75, 816
1136, 2012-04-12, 08:45:28, 72, 28
1137, 2013-07-05, 15:50:32, 96, 689
1138, 2015-07-10, 21:04:23, 52, 208
1139, 2003-03-15, 08:51:18, 70, 142
1140, 2003-04-01, 21:05:46, 99, 861
1141, 2016-04-01, 06:11:22, 50, 414
1142, 1997-02-11, 11:24:47, 53, 915
1143, 2019-05-27, 05:02:02, 47, 661
1144, 1999-01-21, 23:55:46, 42, 187
1145, 2009-08-26, 13:48:20, 90, 532
1146, 2012-10-07, 13:20:46, 96, 642
1147, 2009-06-28, 19:31:41, 18, 75
1148, 2002-09-22, 05:34:05, 51, 258
1149, 2017-01-14, 03:52:45, 12, 495
1150, 2005-11-18, 15:46:27, 11, 15
1151, 1993-11-28, 15:06:47, 56, 641
1152, 2017-04-06, 01:34:55, 31, 183
1153, 2015-09-25, 17:54:23, 98, 94
1154, 1995-10-29, 17:42:03, 79, 180
1155, 2008-10-24, 06:47:27, 89, 323
1156, 2009-04-17, 05:09:52, 17, 681
1157, 2012-02-15, 01:19:06, 0, 671
1158, 2011-01-07, 12:24:25, 86, 435
1159, 1990-07-06, 15:37:44, 39, 912
1160, 2014-01-18, 17:00:42, 29, 257
1161, 2010-11-24, 23:54:49, 23, 931
1162, 2010-04-18, 12:01:11, 27, 351
1163, 1999-05-08, 01:24:57, 71, 654
1164, 1998-04-12, 13:19:33, 87, 660
1165, 2012-01-20, 22:28:08, 17, 31
1166, 1990-12-25, 06:40:35, 51, 260
1167, 2010-02-12, 20:01:01, 6, 462
1168, 1999-05-20, 09:03:51, 31, 841
1169, 2007-09-11, 10:09:27, 21, 422
1170, 1991-02-12, 08:36:46, 89, 525
1171, 2015-08-30, 07:40:31, 11, 333
1172, 2000-07-01, 11:37:59, 51, 379
1173, 2011-09-01, 08:24:22, 18, 108
1174, 1995-11-11, 18:10:04, 30, 946
1175, 2007-06-18, 11:35:53, 10, 821
1176, 2019-05-07, 12:24:23, 16, 243
1177, 2018-12-26, 15:22:58, 12, 878
1178, 1995-06-05, 02:03:37, 2, 787
1179, 2012-05-23, 22:46:09, 19, 672
1180, 1998-06-05, 08:20:21, 58, 757
1181, 1992-04-20, 11:25:30, 14, 357
1182, 1995-08-07, 11:17:27, 35, 97
1183, 2009-09-29, 18:25:59, 41, 456
1184, 1999-09-12, 08:22:19, 98, 286
1185, 2016-02-12, 10:49:28, 86, 232
1186, 2009-02-26, 09:31:42, 93, 633
1187, 2020-04-28, 01:01:47, 15, 184
1188, 2020-08-31, 07:26:05, 90, 988
1189, 2017-02-28, 15:26:20, 86, 304
1190, 1994-04-12, 03:35:13, 3, 945
1191, 1996-05-02, 23:50:26, 42, 106
1192, 1990-09-15, 05:02:08, 68, 797
1193, 1993-03-31, 04:46:48, 10, 44
1194, 2000-03-22, 12:44:42, 69, 473
1195, 2006-08-13, 02:30:55, 27, 263
1196, 2017-09-10, 16:50:01, 58, 286
1197, 2004-04-09, 05:40:35, 21, 339
1198, 1990-03-12, 12:55:08, 58, 625
1199, 1991-09-08, 13:46:05, 97, 874
1200, 2002-09-26, 16:24:02, 68, 948
1201, 1991-09-02, 12:27:07, 76, 77
1202, 2003-05-19, 22:14:51, 0, 234
1203, 2016-09-27, 12:33:02, 85, 486
1204, 1999-09-15, 12:47:31, 21, 523
1205, 2020-06-19, 14:23:16, 61, 862
1206, 1996-12-06, 13:21:02, 28, 337
1207, 2001-10-10, 10:31:01, 93, 935
1208, 2021-09-07, 00:22:35, 87, 387
1209, 1999-12-16, 14:47:49, 5, 282
1210, 1991-12-05, 15:55:43, 63, 567
1211, 2016-06-19, 22:05:25, 70, 975
1212, 2017-05-07, 09:21:14, 1, 61
1213, 2020-08-14, 06:00:33, 57, 721
1214, 1999-10-07, 01:08:28, 22, 234
1215, 2011-12-12, 10:40:16, 95, 467
1216, 2002-05-29, 20:49:36, 80, 328
1217, 1994-09-25, 05:07:18, 25, 190
1218, 2003-07-30, 00:53:09, 12, 734
1219, 2012-06-01, 12:32:11, 42, 340
1220, 2020-10-27, 11:15:34, 49, 807
1221, 1993-01-11, 22:59:18, 5, 559
1222, 2008-11-21, 23:17:10, 47, 819
1223, 2006-06-02, 22:54:41, 76, 33
1224, 1995-05-08, 20:01:10, 66, 345
1225, 1993-06-19, 02:23:41, 56, 56
1226, 2007-10-12, 17:59:31, 61, 993
1227, 2002-11-06, 13:31:08, 51, 738
1228, 2017-01-14, 09:31:01, 40, 993
1229, 1996-10-23, 04:22:49, 8, 643
1230, 2010-05-13, 18:51:56, 41, 49
1231, 1990-09-09, 15:16:19, 76, 169
1232, 2011-01-13, 03:39:48, 33, 867
1233, 1995-12-21, 08:13:57, 97, 541
1234, 2008-10-20, 01:24:00, 2, 951
1235, 2000-03-04, 02:16:46, 13, 556
1236, 2013-07-24, 14:57:57, 81, 851
1237, 2019-09-19, 17:01:37, 42, 926
1238, 2018-06-10, 14:45:01, 22, 634
1239, 1990-10-01, 02:06:23, 85, 294
1240, 2013-02-19, 22:06:33, 41, 690
1241, 1992-10-29, 22:29:30, 0, 802
1242, 2012-07-31, 02:22:50, 36, 647
1243, 2011-09-28, 22:21:57, 94, 901
1244, 2009-08-13, 03:18:48, 61, 876
1245, 2021-10-28, 21:13:25, 66, 29
1246, 2013-04-18, 12:56:07, 20, 823
1247, 2003-02-05, 02:01:38, 10, 949
1248, 2017-02-17, 11:34:44, 9, 275
1249, 2019-03-20, 06:05:12, 40, 151
1250, 2019-05-21, 04:21:52, 88, 644
1251, 1991-06-20, 11:59:27, 44, 478
1252, 1994-01-29, 18:33:48, 95, 420
1253, 2010-01-07, 15:30:22, 30, 856
1254, 2009-06-20, 06:54:45, 30, 835
1255, 1990-05-16, 19:50:40, 26, 189
1256, 2020-05-15, 21:46:27, 44, 26
1257, 2002-10-13, 14:09:22, 8, 872
1258, 1996-01-30, 13:22:07, 81, 370
1259, 2017-11-23, 21:12:46, 59, 743
1260, 1990-01-31, 21:02:34, 71, 132
1261, 2015-06-19, 20:35:12, 4, 262
1262, 2009-03-31, 01:14:40, 23, 776
1263, 1994-12-23, 16:41:33, 42, 844
1264, 2004-01-11, 09:51:28, 98, 576
1265, 2015-11-06, 12:24:52, 10, 326
1266, 2019-03-20, 19:23:47, 4, 471
1267, 2014-11-30, 14:34:04, 77, 537
1268, 1996-10-07, 05:39:30, 84, 966
1269, 2012-09-20, 17:48:49, 71, 162
1270, 2006-12-25, 04:56:39, 93, 629
1271, 1998-05-03, 09:11:27, 67, 634
1272, 2004-07-05, 14:11:05, 78, 753
1273, 2020-10-31, 18:17:28, 1, 367
1274, 1996-09-23, 13:06:52, 94, 410
1275, 2013-09-03, 06:06:39, 60, 605
1276, 2012-05-11, 18:16:11, 30, 898
1277, 2008-08-13, 22:12:18, 43, 199
1278, 1996-09-05, 23:57:57, 9, 915
1279, 1995-03-25, 20:54:53, 97, 713
1280, 2003-06-03, 11:01:59, 59, 534
1281, 2008-05-18, 12:02:22, 65, 450
1282, 2017-08-27, 12:02:58, 83, 724
1283, 2016-08-29, 07:38:59, 0, 343
1284, 2016-06-26, 05:04:32, 12, 122
1285, 2021-01-11, 17:40:57, 5, 632
1286, 2009-10-31, 19:06:21, 71, 831
1287, 2016-02-08, 16:16:21, 56, 540
1288, 2011-02-16, 18:41:36, 6, 427
1289, 1997-10-19, 09:42:32, 78, 973
1290, 2010-04-10, 07:15:15, 79, 823
1291, 2020-01-18, 17:53:29, 49, 907
1292, 2009-07-02, 14:22:03, 42, 242
1293, 2010-10-27, 21:39:21, 33, 335
1294, 1994-10-18, 09:23:17, 90, 252
1295, 1996-11-15, 22:51:02, 87, 539
1296, 1990-04-16, 22:38:31, 60, 961
1297, 2017-06-01, 18:01:44, 4, 453
1298, 2009-01-21, 17:39:40, 2, 292
1299, 2014-10-13, 21:37:47, 64, 25
1300, 2007-07-20, 19:38:29, 9, 278
1301, 2015-04-20, 09:35:25, 42, 756
1302, 2005-03-31, 03:25:20, 95, 158
1303, 1993-11-28, 05:05:29, 75, 368
1304, 2016-09-25, 04:35:33, 84, 167
1305, 1998-11-15, 09:05:43, 76, 734
1306, 2016-12-05, 06:04:34, 63, 698
1307, 1993-11-10, 23:33:19, 79, 9
1308, 1996-04-27, 02:57:09, 45, 186
1309, 1995-12-02, 11:24:12, 51, 455
1310, 2016-10-02, 01:56:15, 15, 116
1311, 1998-12-09, 19:06:25, 11, 402
1312, 2020-08-13, 16:14:51, 40, 856
1313, 1996-04-18, 10:15:38, 70, 388
1314, 2020-10-08, 06:19:41, 25, 362
1315, 2019-05-02, 23:37:14, 99, 382
1316, 1990-09-08, 04:20:16, 69, 53
1317, 1992-08-26, 03:21:02, 11, 944
1318, 2010-05-25, 23:27:30, 69, 308
1319, 2010-04-11, 17:01:29, 47, 91
1320, 1994-10-02, 10:51:49, 50, 716
1321, 1997-04-28, 18:56:37, 62, 462
1322, 1994-11-21, 19:52:08, 14, 293
1323, 2019-04-14, 08:31:39, 53, 910
1324, 2009-06-17, 04:48:39, 83, 349
1325, 2012-11-09, 15:37:29, 27, 261
1326, 2015-09-04, 05:06:02, 47, 526
1327, 2004-07-22, 09:33:06, 3, 8
1328, 2010-09-18, 23:10:27, 36, 422
1329, 2000-12-30, 22:07:24, 91, 734
1330, 2017-08-12, 05:38:26, 83, 912
1331, 1999-08-30, 11:45:47, 19, 897
1332, 1996-03-07, 23:56:37, 25, 848
1333, 2005-03-16, 14:50:35, 21, 466
1334, 1992-12-01, 11:21:26, 63, 165
1335, 2007-09-11, 06:11:48, 25, 429
1336, 1994-11-16, 05:06:15, 52, 828
1337, 2008-09-04, 05:23:21, 48, 764
1338, 2021-02-26, 10:39:18, 14, 135
1339, 2000-04-04, 23:04:41, 11, 635
1340, 2004-01-11, 19:37:49, 14, 867
1341, 2011-08-06, 08:44:22, 53, 423
1342, 2019-10-13, 14:24:39, 77, 587
1343, 2017-11-16, 00:30:23, 27, 554
1344, 2000-04-28, 00:01:42, 31, 22
1345, 1993-09-22, 09:01:15, 33, 993
1346, 2001-11-14, 15:31:06, 70, 855
1347, 1995-02-11, 07:32:02, 31, 193
1348, 1999-10-24, 02:30:34, 96, 499
1349, 2000-05-20, 02:59:42, 39, 205
1350, 2000-10-12, 20:55:46, 15, 293
1351, 2001-03-20, 14:57:23, 5, 607
1352, 2007-08-26, 12:35:39, 13, 166
1353, 2004-12-03, 08:20:29, 36, 718
1354, 2000-08-14, 12:45:43, 5, 648
1355, 2012-11-24, 18:29:18, 40, 23
1356, 2013-02-26, 08:45:52, 24, 580
1357, 1991-06-27, 10:44:21, 82, 470
1358, 2006-09-29, 22:06:44, 63, 559
1359, 2014-07-24, 02:35:16, 61, 889
1360, 2006-01-29, 05:52:11, 48, 627
1361, 2003-11-22, 01:47:40, 33, 700
1362, 2003-09-14, 18:27:26, 40, 540
1363, 2002-10-31, 04:50:17, 27, 310
1364, 2013-03-19, 09:36:50, 54, 800
1365, 1997-09-21, 18:06:52, 1, 41
1366, 1991-06-07, 11:33:23, 45, 316
1367, 2002-06-17, 23:31:42, 78, 346
1368, 2011-11-22, 18:12:21, 25, 871
1369, 2002-11-10, 04:24:46, 41, 784
1370, 1992-01-10, 01:00:57, 52, 811
1371, 2019-03-11, 03:55:13, 25, 651
1372, 2002-08-24, 04:16:46, 29, 11
1373, 2002-02-15, 13:39:05, 15, 59
1374, 1995-03-04, 06:04:44, 65, 41
1375, 2008-11-30, 11:23:32, 4, 646
1376, 1991-04-28, 14:07:49, 3, 89
1377, 1993-12-13, 21:26:37, 91, 14
1378, 2001-04-16, 22:44:38, 29, 453
1379, 2005-09-01, 07:37:22, 82, 571
1380, 2009-05-29, 23:59:23, 34, 70
1381, 1994-01-23, 11:17:26, 80, 913
1382, 2006-01-29, 18:52:27, 2, 329
1383, 2007-02-19, 04:00:35, 85, 848
1384, 2004-05-30, 13:19:01, 25, 634
1385, 1991-04-23, 16:11:36, 32, 725
1386, 1990-04-08, 09:07:03, 87, 585
1387, 2001-05-20, 04:17:12, 2, 934
1388, 2001-08-12, 14:28:52, 52, 60
1389, 2007-09-22, 00:43:24, 80, 380
1390, 1991-01-18, 00:45:15, 79, 819
1391, 2012-10-15, 04:37:42, 81, 749
1392, 1991-05-16, 11:52:15, 60, 299
1393, 1990-05-26, 02:03:44, 8, 181
1394, 2007-04-17, 15:17:42, 38, 553
1395, 1993-12-09, 06:38:53, 61, 752
1396, 2001-09-27, 05:03:04, 59, 217
1397, 2017-08-30, 02:00:22, 54, 195
1398, 2018-03-06, 00:57:19, 84, 280
1399, 2020-09-02, 12:52:45, 75, 71
1400, 2003-02-07, 09:45:27, 28, 27
1401, 2003-03-31, 20:10:22, 38, 879
1402, 2013-08-03, 22:41:26, 46, 389
1403, 2010-02-04, 06:11:38, 74, 599
1404, 2018-05-09, 23:33:37, 95, 413
1405, 2007-10-09, 16:26:09, 31, 541
1406, 2019-06-08, 15:05:42, 41, 321
1407, 2008-04-10, 02:11:21, 39, 969
1408, 1991-02-15, 21:06:57, 36, 233
1409, 1991-10-02, 09:43:34, 6, 797
1410, 1991-01-14, 01:23:46, 96, 622
1411, 2021-08-05, 21:30:13, 61, 698
1412, 2005-07-14, 16:11:05, 79, 465
1413, 2012-01-10, 00:06:35, 98, 354
1414, 2010-05-05, 17:04:21, 27, 45
1415, 2000-12-04, 21:03:43, 99, 745
1416, 2011-04-13, 03:07:25, 28, 605
1417, 2004-01-18, 11:50:46, 23, 445
1418, 2021-01-29, 21:35:22, 70, 600
1419, 1994-09-19, 07:29:09, 86, 53
1420, 1998-09-15, 02:57:49, 80, 882
1421, 1994-04-02, 04:19:00, 11, 985
1422, 2014-04-13, 20:41:46, 94, 612
1423, 2008-08-23, 08:55:50, 86, 327
1424, 2010-08-31, 20:18:08, 4, 925
1425, 2017-03-11, 18:58:12, 94, 262
1426, 1990-01-19, 11:14:58, 27, 366
1427, 2021-05-20, 06:50:07, 95, 237
1428, 1993-09-12, 21:57:01, 92, 31
1429, 1997-12-18, 08:03:39, 11, 196
1430, 2014-10-24, 18:16:35, 74, 117
1431, 2011-03-15, 11:08:20, 32, 178
1432, 2015-07-31, 03:31:03, 63, 682
1433, 2014-08-02, 06:40:09, 6, 225
1434, 2005-02-25, 01:28:35, 58, 974
1435, 2005-03-25, 13:36:30, 23, 402
1436, 2005-03-03, 00:58:13, 6, 895
1437, 1999-03-25, 05:03:34, 20, 85
1438, 1998-06-03, 11:33:36, 45, 752
1439, 1993-12-07, 08:20:32, 36, 565
1440, 2005-11-05, 00:28:04, 45, 298
1441, 2003-12-07, 07:41:33, 49, 547
1442, 2013-08-28, 22:19:42, 66, 966
1443, 1995-06-19, 20:48:37, 66, 505
1444, 2010-08-08, 20:08:46, 97, 728
1445, 2013-06-25, 14:04:49, 98, 334
1446, 2020-11-13, 02:10:49, 75, 773
1447, 1994-01-14, 08:12:10, 11, 332
1448, 2006-10-31, 06:49:44, 80, 502
1449, 2019-11-08, 15:24:01, 67, 755
1450, 2001-06-03, 08:31:01, 39, 363
1451, 2013-11-10, 20:50:00, 68, 586
1452, 2003-06-25, 21:02:03, 85, 462
1453, 2013-04-11, 13:59:10, 56, 919
1454, 2006-12-19, 07:59:21, 10, 677
1455, 2003-09-23, 15:40:15, 38, 474
1456, 2013-04-12, 14:20:53, 62, 433
1457, 1992-11-12, 10:40:22, 89, 243
1458, 2004-09-28, 20:44:55, 95, 802
1459, 2020-12-28, 03:04:48, 90, 7
1460, 1997-05-10, 04:15:53, 41, 683
1461, 2001-06-14, 08:45:25, 79, 514
1462, 1994-11-29, 12:34:03, 70, 375
1463, 2000-06-09, 01:32:19, 61, 884
1464, 1992-08-07, 05:15:05, 17, 917
1465, 2010-11-30, 18:29:57, 25, 383
1466, 1991-04-28, 10:33:03, 74, 439
1467, 1999-09-15, 09:36:26, 19, 790
1468, 2020-10-10, 21:40:41, 84, 625
1469, 2018-01-02, 01:00:39, 19, 664
1470, 2018-05-03, 16:23:04, 46, 701
1471, 2011-07-20, 03:37:02, 94, 500
1472, 1993-01-20, 12:45:52, 43, 667
1473, 2021-12-13, 00:14:27, 4, 794
1474, 2015-09-09, 17:19:16, 34, 804
1475, 1994-01-03, 09:34:58, 76, 469
1476, 2019-01-12, 22:01:25, 12, 310
1477, 2007-11-29, 04:52:15, 93, 389
1478, 2003-12-05, 04:31:38, 78, 380
1479, 2002-01-29, 18:21:40, 87, 924
1480, 1990-07-06, 00:55:28, 21, 865
1481, 1999-08-23, 21:50:25, 62, 396
1482, 1996-04-04, 20:44:04, 92, 427
1483, 2007-05-31, 11:44:02, 78, 433
1484, 2017-07-01, 04:26:21, 47, 897
1485, 2021-08-02, 11:24:43, 32, 180
1486, 2004-05-01, 20:35:08, 93, 842
1487, 2019-06-28, 02:28:17, 29, 641
1488, 2005-12-29, 01:50:37, 86, 863
1489, 2020-12-20, 12:42:40, 10, 181
1490, 1998-12-25, 00:46:32, 55, 270
1491, 2007-09-29, 02:22:36, 36, 382
1492, 2009-02-03, 05:46:24, 5, 419
1493, 2009-04-19, 04:50:28, 68, 258
1494, 2000-08-04, 18:31:29, 76, 998
1495, 2008-12-20, 03:22:18, 57, 702
1496, 1996-12-25, 16:11:13, 50, 691
1497, 1995-11-09, 09:34:15, 74, 782
1498, 2017-05-08, 07:27:01, 19, 200
1499, 2018-02-14, 21:02:35, 2, 305
1500, 1999-01-12, 09:26:23, 58, 382
1501, 2009-04-07, 05:35:43, 83, 650
1502, 2022-01-20, 05:50:51, 35, 342
1503, 2000-06-17, 10:28:55, 53, 450
1504, 2013-04-22, 14:06:29, 56, 674
1505, 2017-05-17, 23:01:04, 53, 512
1506, 1996-12-07, 08:22:54, 95, 352
1507, 1996-03-05, 09:14:04, 80, 514
1508, 2002-08-07, 08:57:48, 39, 486
1509, 1993-04-01, 02:27:18, 88, 198
1510, 2006-02-05, 20:41:35, 96, 271
1511, 2007-12-02, 00:34:19, 17, 953
1512, 2011-11-01, 16:26:02, 41, 689
1513, 2008-04-20, 13:04:31, 77, 653
1514, 1994-10-28, 02:04:28, 92, 295
1515, 1996-06-18, 14:22:58, 31, 595
1516, 2001-12-16, 00:24:45, 87, 782
1517, 2005-01-28, 03:18:22, 60, 338
1518, 2022-01-16, 17:32:36, 31, 907
1519, 2005-12-20, 13:28:06, 92, 281
1520, 2012-10-19, 07:54:36, 78, 316
1521, 2013-03-20, 09:36:58, 11, 972
1522, 2016-07-14, 12:36:21, 71, 799
1523, 2019-06-24, 04:31:39, 23, 210
1524, 1990-03-20, 17:09:30, 90, 160
1525, 2002-02-23, 03:46:43, 46, 10
1526, 2017-09-26, 17:15:11, 49, 267
1527, 2008-02-07, 17:32:17, 95, 339
1528, 1993-04-11, 19:51:31, 18, 403
1529, 2010-05-16, 21:13:39, 92, 7
1530, 1991-04-02, 18:32:16, 5, 475
1531, 2013-12-15, 03:16:08, 54, 820
1532, 2008-10-05, 03:24:48, 32, 565
1533, 2008-12-25, 00:42:18, 20, 200
1534, 2001-11-15, 23:49:30, 25, 251
1535, 2002-04-13, 05:42:02, 17, 671
1536, 1995-11-11, 01:09:15, 26, 787
1537, 2017-01-20, 03:43:11, 1, 491
1538, 2010-02-17, 21:21:11, 68, 211
1539, 2019-06-25, 22:22:42, 48, 480
1540, 2014-04-20, 16:53:25, 26, 943
1541, 2013-01-07, 16:12:44, 56, 660
1542, 2006-01-16, 22:43:33, 8, 919
1543, 2002-07-07, 19:01:15, 95, 831
1544, 1995-09-06, 11:50:58, 33, 538
1545, 2002-05-04, 16:42:54, 26, 869
1546, 2003-09-02, 19:35:11, 76, 280
1547, 1995-05-15, 14:52:56, 20, 295
1548, 2013-10-25, 16:27:54, 85, 412
1549, 2012-10-25, 13:23:19, 1, 319
1550, 2005-05-13, 20:19:31, 32, 103
1551, 1999-06-26, 03:29:51, 96, 336
1552, 2015-11-02, 01:44:35, 66, 592
1553, 2012-06-15, 13:55:54, 60, 153
1554, 2017-06-05, 08:27:44, 51, 365
1555, 2000-09-14, 13:07:04, 60, 35
1556, 2011-10-01, 10:59:42, 66, 570
1557, 2010-02-21, 07:00:30, 57, 247
1558, 2017-11-30, 03:19:37, 62, 301
1559, 1990-10-27, 07:15:58, 53, 473
1560, 2010-08-17, 12:14:20, 15, 340
1561, 2003-03-08, 18:02:21, 93, 263
1562, 2019-09-12, 12:31:23, 13, 173
1563, 2015-06-22, 11:53:16, 17, 224
1564, 2012-06-11, 15:38:32, 33, 835
1565, 2002-06-01, 11:27:40, 42, 935
1566, 2012-02-01, 18:15:09, 34, 672
1567, 1999-01-24, 21:21:28, 82, 524
1568, 2013-03-15, 04:46:36, 17, 760
1569, 2012-04-30, 02:55:19, 5, 118
1570, 2001-10-15, 10:56:06, 94, 978
1571, 1993-10-07, 02:36:12, 11, 74
1572, 2009-12-29, 06:41:24, 80, 636
1573, 2002-03-14, 00:55:25, 7, 73
1574, 1991-09-11, 10:31:42, 1, 852
1575, 2006-05-01, 04:38:36, 55, 981
1576, 2008-03-15, 18:32:46, 7, 371
1577, 1996-10-04, 13:07:13, 66, 733
1578, 2015-02-26, 11:10:04, 28, 751
1579, 1998-10-20, 08:35:21, 63, 209
1580, 2006-01-16, 22:02:50, 2, 32
1581, 1992-07-16, 17:20:57, 57, 546
1582, 1998-11-19, 10:16:28, 83, 483
1583, 2008-04-14, 21:04:50, 44, 906
1584, 2000-06-20, 13:24:54, 12, 628
1585, 2009-08-12, 21:33:54, 78, 945
1586, 1993-08-05, 17:27:50, 20, 262
1587, 2004-09-16, 01:28:42, 16, 460
1588, 1997-03-19, 04:35:33, 26, 859
1589, 2007-04-25, 10:26:10, 51, 327
1590, 2020-02-27, 13:30:21, 87, 431
1591, 2005-03-25, 17:42:39, 53, 518
1592, 1994-03-25, 17:39:09, 69, 785
1593, 2000-08-15, 13:39:15, 17, 9
1594, 2017-10-14, 08:47:21, 73, 113
1595, 2003-10-14, 09:00:08, 86, 398
1596, 1993-07-26, 20:53:36, 29, 360
1597, 2000-03-06, 15:24:03, 22, 708
1598, 2018-10-13, 06:17:15, 96, 99
1599, 2005-02-16, 07:21:00, 65, 838
1600, 2011-10-22, 11:42:19, 54, 245
1601, 2011-10-21, 13:38:49, 25, 541
1602, 2009-05-11, 00:48:12, 69, 649
1603, 1991-08-05, 00:02:06, 80, 893
1604, 2012-08-21, 21:13:09, 79, 413
1605, 2012-08-14, 14:09:56, 3, 767
1606, 1991-05-15, 08:37:15, 20, 931
1607, 1992-02-15, 11:01:31, 71, 990
1608, 2015-08-02, 18:55:53, 19, 568
1609, 1990-11-06, 09:00:40, 34, 78
1610, 2013-05-26, 10:29:39, 70, 216
1611, 2000-12-05, 03:49:46, 61, 944
1612, 1994-02-26, 20:25:58, 17, 135
1613, 2000-05-17, 01:18:10, 49, 63
1614, 1991-05-02, 20:37:03, 85, 496
1615, 2015-01-25, 12:36:53, 67, 195
1616, 2009-02-07, 03:24:24, 65, 952
1617, 2002-02-24, 11:51:03, 84, 739
1618, 2009-09-20, 06:58:10, 61, 170
1619, 2016-12-18, 09:14:35, 81, 776
1620, 2016-05-09, 20:59:11, 15, 568
1621, 2000-03-08, 18:36:53, 46, 912
1622, 1996-11-30, 16:22:55, 33, 281
1623, 2010-07-04, 21:38:21, 83, 800
1624, 2005-06-30, 14:34:19, 20, 784
1625, 1997-01-09, 10:10:41, 96, 302
1626, 1990-12-10, 16:01:19, 63, 749
1627, 1990-06-19, 12:26:11, 14, 99
1628, 2003-01-01, 22:09:24, 51, 706
1629, 2002-05-15, 04:48:28, 37, 943
1630, 2010-01-14, 17:07:09, 57, 203
1631, 2009-05-26, 21:05:17, 87, 519
1632, 2015-06-29, 13:06:19, 42, 283
1633, 1996-03-20, 21:15:30, 11, 65
1634, 2014-02-19, 14:55:50, 23, 121
1635, 2012-02-02, 06:55:41, 50, 422
1636, 2021-08-04, 10:51:04, 51, 245
1637, 1995-01-10, 04:42:20, 67, 72
1638, 2018-06-07, 04:53:07, 28, 325
1639, 1997-07-27, 13:11:06, 49, 109
1640, 2000-08-19, 22:35:48, 49, 564
1641, 1992-10-30, 15:23:52, 3, 646
1642, 2002-09-22, 21:58:16, 16, 726
1643, 2005-08-09, 07:33:16, 55, 295
1644, 2014-11-05, 04:15:37, 96, 710
1645, 2017-11-19, 17:54:10, 96, 648
1646, 2021-05-23, 15:08:53, 36, 660
1647, 1998-09-07, 04:40:59, 66, 663
1648, 2018-11-10, 20:44:38, 15, 538
1649, 1998-09-27, 16:28:50, 47, 876
1650, 1992-04-08, 19:30:14, 96, 919
1651, 1995-01-23, 08:10:58, 61, 402
1652, 1998-12-21, 06:35:55, 33, 383
1653, 2017-12-05, 03:23:45, 45, 628
1654, 2005-04-19, 07:40:43, 34, 263
1655, 2005-05-24, 04:39:19, 4, 858
1656, 1998-08-19, 11:43:13, 25, 227
1657, 1992-11-02, 22:35:52, 31, 758
1658, 1993-03-29, 09:28:38, 23, 804
1659, 2011-11-14, 09:20:06, 43, 386
1660, 2003-03-09, 01:00:49, 0, 208
1661, 2004-06-26, 08:14:25, 36, 771
1662, 2009-09-01, 02:10:27, 93, 326
1663, 2004-12-20, 21:29:13, 96, 52
1664, 1997-12-02, 18:40:44, 21, 390
1665, 2019-09-08, 14:32:55, 81, 231
1666, 2020-08-22, 19:44:03, 54, 483
1667, 1999-02-20, 10:23:05, 52, 12
1668, 1995-09-24, 21:07:02, 5, 125
1669, 2006-10-30, 11:41:00, 12, 274
1670, 2003-01-04, 18:19:27, 39, 187
1671, 2003-10-13, 07:53:31, 81, 129
1672, 2009-09-01, 22:10:48, 13, 167
1673, 1993-09-26, 09:25:36, 69, 946
1674, 1994-09-22, 21:44:14, 59, 931
1675, 2007-03-09, 21:53:32, 27, 107
1676, 2002-10-06, 13:00:21, 32, 261
1677, 2007-04-12, 04:23:21, 8, 845
1678, 2005-06-14, 20:13:19, 15, 616
1679, 1998-06-01, 22:48:40, 40, 413
1680, 2002-09-19, 11:52:59, 81, 112
1681, 1998-12-07, 16:06:51, 0, 68
1682, 2016-02-07, 22:28:22, 39, 355
1683, 2005-07-24, 14:51:07, 44, 74
1684, 2003-05-15, 23:44:59, 96, 763
1685, 2007-08-10, 01:13:31, 94, 297
1686, 2013-01-01, 04:32:44, 1, 593
1687, 2012-07-11, 17:00:34, 10, 392
1688, 2016-06-12, 04:34:22, 47, 365
1689, 2021-05-25, 13:22:32, 73, 96
1690, 2008-12-05, 07:29:32, 40, 737
1691, 2020-12-26, 09:49:23, 81, 758
1692, 2002-06-05, 04:05:57, 92, 513
1693, 1995-03-01, 02:44:03, 93, 35
1694, 2020-09-08, 23:07:49, 83, 343
1695, 1990-09-28, 03:48:55, 28, 709
1696, 2016-01-02, 05:03:17, 8, 190
1697, 1993-04-19, 08:37:57, 3, 84
1698, 2015-06-07, 02:21:21, 99, 851
1699, 2000-11-17, 01:57:48, 61, 858
1700, 1998-10-05, 23:02:28, 98, 757
1701, 1998-04-14, 18:08:32, 90, 265
1702, 2019-12-23, 00:39:10, 36, 392
1703, 2005-07-26, 09:28:25, 9, 408
1704, 1991-09-06, 06:56:47, 32, 964
1705, 2004-06-23, 16:23:26, 53, 541
1706, 2013-10-25, 16:33:25, 30, 363
1707, 2006-09-15, 11:43:59, 82, 872
1708, 1998-01-02, 20:51:30, 29, 919
1709, 1998-02-21, 05:08:40, 82, 226
1710, 2004-04-17, 21:33:34, 93, 917
1711, 2022-01-21, 06:23:48, 50, 883
1712, 1997-08-10, 04:13:44, 49, 708
1713, 2005-11-05, 17:08:31, 85, 805
1714, 2009-10-06, 08:58:23, 81, 965
1715, 2013-12-05, 00:00:12, 30, 947
1716, 1995-10-22, 18:56:52, 55, 745
1717, 1993-06-10, 21:59:17, 40, 455
1718, 2011-04-19, 18:50:04, 29, 77
1719, 2009-11-25, 04:02:44, 69, 583
1720, 2006-10-23, 05:05:42, 85, 191
1721, 2019-09-29, 06:17:36, 85, 583
1722, 1991-09-27, 17:45:36, 36, 142
1723, 2009-06-07, 11:54:46, 8, 740
1724, 1999-07-02, 03:54:31, 2, 264
1725, 1997-08-22, 22:59:49, 29, 949
1726, 2005-04-16, 22:11:14, 81, 153
1727, 1992-10-21, 06:45:42, 8, 429
1728, 2006-03-21, 20:23:54, 21, 109
1729, 2016-07-07, 07:48:50, 82, 204
1730, 2005-07-24, 13:17:10, 67, 72
1731, 1994-03-16, 20:17:12, 1, 605
1732, 2014-03-21, 12:51:46, 64, 970
1733, 1997-12-12, 09:22:00, 26, 757
1734, 2008-07-21, 23:22:07, 67, 376
1735, 2021-02-19, 11:54:33, 0, 70
1736, 2002-11-20, 00:44:14, 72, 483
1737, 2013-03-31, 14:11:40, 42, 750
1738, 2016-01-22, 13:59:01, 84, 21
1739, 2013-07-03, 23:49:30, 0, 723
1740, 2004-09-29, 00:43:29, 69, 326
1741, 2002-09-18, 20:55:01, 68, 238
1742, 1997-03-23, 11:04:13, 27, 79
1743, 2020-01-02, 20:44:24, 37, 49
1744, 1991-11-14, 20:46:53, 52, 465
1745, 2019-08-05, 08:58:25, 38, 31
1746, 2010-01-27, 17:05:36, 87, 338
1747, 1990-09-02, 04:01:14, 84, 728
1748, 2006-08-25, 22:39:47, 80, 536
1749, 2021-04-19, 09:03:44, 10, 322
1750, 2000-02-13, 20:56:52, 83, 27
1751, 1994-08-28, 13:21:51, 77, 548
1752, 2002-08-04, 23:56:15, 47, 487
1753, 2017-05-10, 22:23:44, 80, 818
1754, 1995-06-07, 10:43:33, 1, 343
1755, 1996-12-24, 13:22:54, 39, 868
1756, 2015-03-12, 09:55:51, 65, 318
1757, 1991-09-17, 14:36:22, 74, 501
1758, 2015-12-27, 08:56:43, 32, 621
1759, 2016-07-05, 10:10:35, 0, 576
1760, 2012-02-17, 09:42:21, 55, 967
1761, 2008-04-13, 07:17:09, 89, 944
1762, 2010-02-10, 05:00:29, 19, 885
1763, 1992-03-28, 00:47:08, 90, 843
1764, 1992-11-10, 00:11:12, 52, 637
1765, 2004-12-17, 07:51:43, 37, 992
1766, 2019-12-20, 02:13:01, 87, 408
1767, 1999-04-11, 14:14:37, 62, 779
1768, 1999-09-09, 05:05:49, 29, 549
1769, 1998-05-02, 13:16:36, 12, 78
1770, 2002-08-30, 15:34:56, 73, 515
1771, 2005-04-13, 10:36:22, 22, 361
1772, 2000-02-26, 11:26:13, 24, 950
1773, 1994-02-25, 23:40:54, 54, 309
1774, 2010-12-04, 11:17:12, 36, 561
1775, 1998-11-14, 17:16:17, 45, 440
1776, 2008-07-03, 15:52:01, 76, 930
1777, 1991-08-29, 15:22:33, 83, 911
1778, 2009-04-15, 00:44:54, 30, 203
1779, 2005-06-19, 07:24:31, 20, 162
1780, 2011-06-08, 11:27:44, 52, 288
1781, 1999-11-01, 03:11:40, 15, 131
1782, 1998-09-24, 20:14:05, 14, 408
1783, 2016-08-19, 22:08:09, 84, 67
1784, 1995-08-12, 02:20:41, 26, 667
1785, 2021-08-25, 16:30:56, 64, 14
1786, 2020-08-28, 09:31:45, 58, 314
1787, 2014-05-15, 22:55:09, 91, 292
1788, 2002-03-23, 21:50:33, 27, 166
1789, 2017-02-02, 16:40:42, 50, 362
1790, 1991-09-27, 06:58:18, 27, 361
1791, 2007-12-17, 17:53:08, 36, 901
1792, 2014-10-01, 04:54:35, 98, 285
1793, 2020-11-25, 09:57:17, 38, 720
1794, 1997-11-10, 10:27:06, 74, 965
1795, 2010-02-03, 21:01:34, 35, 976
1796, 2015-06-20, 08:50:47, 75, 697
1797, 1999-11-09, 06:37:55, 25, 760
1798, 2010-05-02, 12:06:59, 81, 40
1799, 2011-05-14, 21:48:47, 29, 517
1800, 2017-02-12, 23:03:06, 25, 352
1801, 2019-02-02, 09:28:56, 62, 121
1802, 2016-06-06, 00:06:19, 93, 925
1803, 2008-07-08, 16:51:31, 11, 730
1804, 2020-05-15, 14:33:54, 14, 159
1805, 1996-03-07, 09:17:30, 37, 152
1806, 1998-10-21, 15:11:47, 25, 111
1807, 2003-07-24, 11:54:53, 83, 791
1808, 2009-08-31, 11:54:31, 87, 226
1809, 1992-06-03, 22:00:21, 11, 757
1810, 2019-12-05, 09:08:09, 24, 547
1811, 1991-06-22, 17:20:38, 13, 867
1812, 1997-03-21, 11:32:00, 73, 676
1813, 1990-05-18, 12:58:05, 31, 110
1814, 2010-09-12, 22:57:39, 20, 875
1815, 2020-08-09, 13:15:34, 24, 135
1816, 2003-10-18, 10:46:14, 92, 924
1817, 2002-09-04, 22:21:05, 49, 333
1818, 1993-06-30, 09:54:01, 6, 351
1819, 2015-11-05, 13:08:25, 0, 574
1820, 2018-06-24, 09:55:04, 42, 356
1821, 2007-04-24, 20:46:17, 17, 938
1822, 2007-07-03, 07:13:56, 83, 874
1823, 2019-02-12, 04:28:14, 83, 729
1824, 2001-10-30, 05:56:58, 79, 502
1825, 2010-12-10, 19:28:21, 34, 139
1826, 1993-08-21, 07:12:11, 7, 127
1827, 2010-11-07, 11:01:05, 79, 143
1828, 2014-04-03, 01:43:10, 55, 715
1829, 2017-08-18, 18:12:27, 62, 565
1830, 2009-11-12, 14:10:30, 15, 961
1831, 2011-11-04, 04:27:45, 1, 93
1832, 2007-07-24, 03:15:27, 16, 306
1833, 2009-10-31, 20:59:09, 44, 136
1834, 2020-06-08, 07:59:27, 40, 886
1835, 2001-09-03, 08:57:09, 22, 997
1836, 1993-01-31, 13:48:38, 70, 264
1837, 2005-06-11, 16:21:00, 86, 85
1838, 2020-08-20, 04:22:59, 70, 39
1839, 1990-09-03, 07:50:10, 57, 508
1840, 1998-09-18, 23:54:39, 50, 831
1841, 1993-06-05, 14:53:26, 46, 551
1842, 2002-09-26, 05:39:41, 68, 188
1843, 2021-10-09, 02:20:21, 42, 793
1844, 1997-12-04, 02:36:13, 17, 444
1845, 1990-04-05, 23:17:32, 73, 34
1846, 2017-04-24, 21:13:41, 29, 17
1847, 2012-12-20, 17:41:38, 73, 402
1848, 2011-03-18, 23:45:20, 36, 660
1849, 1994-10-27, 16:48:51, 73, 794
1850, 2011-12-21, 02:49:35, 34, 648
1851, 1999-03-23, 00:00:34, 81, 34
1852, 1997-07-26, 07:06:43, 85, 61
1853, 1991-08-27, 17:37:26, 5, 369
1854, 1999-02-28, 11:47:43, 83, 410
1855, 1992-02-17, 02:25:28, 29, 75
1856, 2010-01-13, 16:47:38, 61, 906
1857, 2011-05-04, 09:41:21, 86, 965
1858, 2016-08-18, 20:31:27, 66, 346
1859, 2005-12-31, 23:48:35, 96, 847
1860, 2006-11-28, 14:02:12, 64, 247
1861, 2017-08-06, 01:19:19, 98, 556
1862, 2007-02-25, 01:02:24, 39, 149
1863, 2014-11-16, 17:42:50, 61, 826
1864, 1990-08-28, 14:18:38, 73, 529
1865, 2005-10-17, 00:41:54, 29, 998
1866, 2016-05-24, 10:26:21, 6, 809
1867, 1990-05-04, 22:52:23, 4, 831
1868, 1990-12-13, 17:46:12, 18, 263
1869, 2012-10-06, 21:52:50, 75, 70
1870, 2000-11-24, 05:03:22, 55, 484
1871, 1991-04-26, 15:26:10, 71, 856
1872, 1993-09-23, 07:25:50, 98, 581
1873, 2004-06-14, 16:53:47, 57, 268
1874, 1992-08-17, 15:12:53, 89, 25
1875, 1997-05-02, 04:19:06, 59, 152
1876, 2016-09-14, 11:28:07, 51, 361
1877, 1991-07-03, 08:46:52, 97, 684
1878, 2017-05-21, 19:25:18, 42, 45
1879, 2018-09-27, 21:42:24, 20, 918
1880, 2007-11-28, 13:43:48, 12, 979
1881, 1996-11-30, 19:38:04, 19, 401
1882, 2011-03-22, 17:29:33, 69, 48
1883, 2012-09-06, 19:58:25, 77, 93
1884, 2003-10-14, 12:24:28, 32, 655
1885, 1990-07-26, 22:42:55, 55, 989
1886, 1996-12-02, 12:26:14, 40, 102
1887, 1992-04-28, 01:29:31, 5, 909
1888, 1991-08-17, 11:25:07, 99, 999
1889, 2003-06-17, 03:29:31, 79, 494
1890, 2012-01-25, 22:15:41, 96, 570
1891, 2002-01-20, 18:22:21, 65, 225
1892, 2006-12-11, 07:41:43, 11, 268
1893, 1994-07-26, 21:15:31, 35, 61
1894, 2010-05-04, 11:33:11, 40, 649
1895, 2012-11-21, 15:21:16, 0, 288
1896, 1992-10-27, 01:27:23, 90, 933
1897, 2009-12-10, 10:35:53, 55, 515
1898, 2001-06-19, 23:43:53, 72, 112
1899, 1991-07-26, 08:54:38, 22, 934
1900, 2006-07-29, 05:45:33, 11, 128
1901, 2010-09-06, 14:08:52, 32, 267
1902, 2000-04-29, 17:11:53, 86, 685
1903, 2020-04-26, 17:52:56, 43, 238
1904, 2011-01-23, 23:26:24, 26, 84
1905, 1994-02-22, 12:04:50, 99, 130
1906, 2009-03-06, 09:59:30, 87, 588
1907, 1999-04-07, 06:10:38, 89, 479
1908, 2011-09-09, 20:31:20, 4, 856
1909, 2009-05-19, 08:09:06, 97, 756
1910, 1991-07-05, 15:25:35, 67, 854
1911, 1995-05-21, 23:53:24, 21, 308
1912, 1991-10-23, 08:44:49, 31, 233
1913, 1997-07-13, 19:49:05, 91, 665
1914, 1997-03-13, 11:23:26, 83, 781
1915, 1990-10-07, 09:25:31, 81, 857
1916, 2002-01-28, 19:31:56, 78, 503
1917, 2004-03-26, 12:39:07, 4, 841
1918, 2001-03-01, 22:29:26, 86, 494
1919, 2017-01-03, 13:22:45, 29, 511
1920, 2020-06-01, 07:23:08, 15, 658
1921, 1997-10-09, 07:59:59, 38, 396
1922, 1995-01-18, 00:06:11, 68, 849
1923, 1999-08-12, 06:46:52, 17, 309
1924, 2018-11-25, 15:28:57, 7, 233
1925, 2010-12-27, 08:43:54, 90, 622
1926, 2014-06-05, 03:54:00, 64, 826
1927, 2002-03-07, 02:02:32, 39, 585
1928, 1993-02-06, 13:08:25, 56, 334
1929, 2020-01-24, 04:30:18, 44, 918
1930, 1995-10-24, 05:43:13, 0, 344
1931, 1993-08-07, 13:23:36, 86, 794
1932, 2009-07-14, 20:41:40, 22, 97
1933, 2014-11-01, 18:20:05, 77, 407
1934, 1998-03-16, 17:52:59, 85, 82
1935, 2018-03-06, 08:17:41, 87, 150
1936, 2014-09-27, 03:18:23, 37, 508
1937, 2021-04-17, 14:42:32, 11, 789
1938, 1991-04-12, 03:28:45, 52, 281
1939, 2010-12-08, 03:54:21, 0, 119
1940, 2008-07-03, 17:51:55, 4, 856
1941, 2018-06-29, 01:49:36, 22, 365
1942, 2011-12-13, 11:59:55, 62, 146
1943, 2006-04-18, 05:32:15, 24, 549
1944, 2005-07-20, 16:28:31, 29, 68
1945, 2015-10-06, 11:46:30, 46, 114
1946, 2010-10-02, 02:00:19, 21, 231
1947, 1993-08-14, 11:29:12, 8, 498
1948, 1993-02-04, 12:09:51, 98, 290
1949, 2013-02-14, 18:37:45, 49, 480
1950, 2011-05-13, 05:18:58, 22, 993
1951, 2019-01-25, 16:13:37, 92, 862
1952, 1991-04-04, 21:12:19, 26, 516
1953, 2010-10-29, 02:00:59, 91, 606
1954, 1993-08-24, 14:13:47, 37, 800
1955, 2016-01-08, 08:48:47, 16, 427
1956, 2005-08-07, 13:29:32, 72, 735
1957, 1998-06-03, 15:36:48, 88, 331
1958, 1997-09-17, 11:13:39, 97, 561
1959, 2011-06-05, 16:09:59, 78, 601
1960, 2010-12-26, 04:33:57, 40, 927
1961, 2011-04-23, 02:58:04, 19, 924
1962, 2000-08-25, 20:11:04, 39, 935
1963, 1990-07-23, 05:34:45, 55, 462
1964, 2012-02-26, 20:50:09, 65, 207
1965, 2005-10-22, 07:54:24, 57, 68
1966, 2005-12-16, 10:58:04, 83, 174
1967, 2004-07-17, 17:21:53, 21, 640
1968, 2007-08-14, 17:15:18, 51, 829
1969, 2015-04-15, 20:30:14, 21, 439
1970, 2016-06-28, 02:50:56, 80, 987
1971, 2012-06-13, 04:55:26, 38, 796
1972, 2002-11-23, 07:22:38, 59, 399
1973, 2001-11-04, 21:19:13, 84, 926
1974, 2000-02-15, 01:45:03, 21, 657
1975, 1997-10-22, 23:03:21, 56, 403
1976, 2009-12-20, 01:42:22, 22, 692
1977, 2018-09-08, 17:40:54, 6, 364
1978, 1993-02-12, 17:56:31, 68, 894
1979, 2019-12-16, 17:23:56, 6, 109
1980, 2010-02-24, 07:39:30, 28, 51
1981, 2000-07-01, 23:11:46, 52, 163
1982, 2019-08-31, 05:40:35, 54, 73
1983, 2009-03-18, 12:20:10, 39, 98
1984, 2009-01-20, 12:12:35, 33, 887
1985, 1993-10-16, 02:11:26, 90, 750
1986, 2016-08-31, 11:54:09, 59, 784
1987, 1991-09-28, 14:53:23, 54, 20
1988, 1992-08-25, 02:10:53, 75, 94
1989, 1998-02-27, 11:02:04, 1, 823
1990, 1995-07-15, 08:06:41, 2, 409
1991, 1997-06-06, 21:08:12, 14, 833
1992, 2018-10-16, 11:14:26, 78, 595
1993, 2016-12-19, 12:34:45, 26, 637
1994, 2007-08-01, 17:25:20, 58, 514
1995, 1999-05-09, 17:11:33, 87, 840
1996, 2008-04-23, 08:25:46, 29, 537
1997, 2003-02-26, 22:48:54, 19, 333
1998, 2018-02-25, 18:28:39, 82, 505
1999, 2011-03-07, 10:13:49, 21, 436